date,max_temperature,min_temperature,avg_wind_speed,avg_precipitation,weather
2019-01-01,0.0,0.0,12.8,0.0,sun
2019-01-02,0.0,0.0,11.1,0.0,sun
2019-01-03,0.0,0.0,9.0,0.0,sun
2019-01-04,0.0,0.0,6.8,0.9,fog
2019-01-05,0.0,0.0,8.3,0.0,fog
2019-01-06,0.0,0.0,9.4,0.1,fog
2019-01-07,0.0,0.0,7.4,0.0,fog
2019-01-08,0.0,0.0,16.9,0.5,drizzle
2019-01-09,0.0,0.0,8.8,2.5,rain
2019-01-10,0.0,0.0,4.7,0.5,fog
2019-01-11,0.0,0.0,3.8,0.0,fog
2019-01-12,0.0,0.0,9.2,0.0,fog
2019-01-13,0.0,0.0,11.0,0.0,fog
2019-01-14,0.0,0.0,12.4,0.0,fog
2019-01-15,0.0,0.0,15.8,0.5,fog
2019-01-16,0.0,0.0,12.6,0.3,rain
2019-01-17,0.0,0.0,7.8,0.0,sun
2019-01-18,17.0,14.0,5.5,0.0,fog
2019-01-19,21.0,16.0,4.2,0.0,fog
2019-01-20,20.0,16.0,8.8,0.1,fog
2019-01-21,16.0,14.0,12.7,1.1,rain
2019-01-22,19.0,12.0,8.5,0.0,fog
2019-01-23,19.0,14.0,7.0,0.0,fog
2019-01-24,19.0,16.0,5.7,0.0,fog
2019-01-25,20.0,17.0,6.8,0.0,fog
2019-01-26,22.0,13.0,6.2,0.0,fog
2019-01-27,22.0,13.0,8.8,0.0,fog
2019-01-28,25.0,16.0,11.7,0.0,fog
2019-01-29,24.0,18.0,9.2,0.0,fog
2019-01-30,27.0,20.0,16.6,0.0,fog
2019-01-31,27.0,20.0,9.0,0.0,fog
2019-02-01,24.0,18.0,13.6,0.0,fog
2019-02-02,25.0,18.0,12.0,0.0,fog
2019-02-03,25.0,20.0,9.9,0.0,fog
2019-02-04,27.0,20.0,12.3,0.0,fog
2019-02-05,28.0,21.0,11.4,0.0,fog
2019-02-06,29.0,21.0,16.1,0.0,fog
2019-02-07,30.0,21.0,12.0,0.0,fog
2019-02-08,31.0,22.0,13.7,0.0,fog
2019-02-09,30.0,22.0,14.4,0.0,fog
2019-02-10,28.0,23.0,16.4,0.0,rain
2019-02-11,23.0,16.0,15.5,0.7,drizzle
2019-02-12,22.0,16.0,12.4,0.3,fog
2019-02-13,25.0,20.0,14.7,0.2,fog
2019-02-14,26.0,21.0,14.1,0.0,fog
2019-02-15,26.0,22.0,15.0,0.0,fog
2019-02-16,25.0,22.0,14.3,0.0,fog
2019-02-17,23.0,18.0,17.0,1.5,other
2019-02-18,29.0,19.0,12.5,15.0,fog
2019-02-19,27.0,23.0,15.2,0.0,fog
2019-02-20,29.0,23.0,16.0,0.0,fog
2019-02-21,31.0,18.0,18.8,0.0,fog
2019-02-22,19.0,16.0,13.6,1.5,drizzle
2019-02-23,17.0,15.0,15.1,0.5,drizzle
2019-02-24,17.0,14.0,11.9,0.1,drizzle
2019-02-25,18.0,14.0,10.4,0.5,drizzle
2019-02-26,19.0,15.0,6.7,0.2,drizzle
2019-02-27,23.0,18.0,6.7,0.2,fog
2019-02-28,26.0,20.0,10.3,0.0,fog
2019-03-01,27.0,21.0,15.9,3.0,fog
2019-03-02,29.0,23.0,15.0,0.5,fog
2019-03-03,29.0,22.0,12.0,0.0,rain
2019-03-04,24.0,22.0,13.3,0.0,fog
2019-03-05,30.0,24.0,14.8,0.0,fog
2019-03-06,24.0,17.0,16.8,0.0,rain
2019-03-07,19.0,16.0,11.3,0.0,drizzle
2019-03-08,19.0,16.0,8.5,0.0,drizzle
2019-03-09,22.0,18.0,11.8,0.0,fog
2019-03-10,22.0,18.0,7.5,0.0,sun
2019-03-11,26.0,18.0,7.3,0.0,fog
2019-03-12,26.0,19.0,10.4,0.0,fog
2019-03-13,26.0,21.0,8.8,0.0,fog
2019-03-14,28.0,21.0,11.1,0.0,other
2019-03-15,21.0,17.0,11.8,0.0,rain
2019-03-16,18.0,17.0,10.0,0.8,drizzle
2019-03-17,18.0,17.0,7.5,1.0,drizzle
2019-03-18,19.0,18.0,7.7,1.4,fog
2019-03-19,24.0,19.0,10.5,1.2,fog
2019-03-20,27.0,21.0,11.4,0.0,fog
2019-03-21,30.0,24.0,13.1,0.0,drizzle
2019-03-22,31.0,25.0,13.5,0.0,fog
2019-03-23,26.0,18.0,17.4,0.0,fog
2019-03-24,19.0,16.0,11.3,0.3,fog
2019-03-25,21.0,16.0,8.3,0.0,sun
2019-03-26,21.0,18.0,6.4,0.0,fog
2019-03-27,26.0,20.0,6.2,0.0,fog
2019-03-28,28.0,22.0,7.8,0.0,fog
2019-03-29,27.0,21.0,11.1,0.0,other
2019-03-30,30.0,24.0,12.4,0.0,fog
2019-03-31,31.0,25.0,14.1,0.0,fog
2019-04-01,26.0,19.0,12.8,15.0,other
2019-04-02,26.0,20.0,9.0,0.4,fog
2019-04-03,25.0,23.0,6.6,0.2,fog
2019-04-04,26.0,20.0,11.0,18.5,other
2019-04-05,26.0,22.0,10.2,0.0,fog
2019-04-06,26.0,22.0,9.2,0.0,fog
2019-04-07,31.0,24.0,12.7,0.0,fog
2019-04-08,31.0,26.0,13.6,0.0,sun
2019-04-09,32.0,26.0,13.3,0.0,fog
2019-04-10,31.0,26.0,12.8,0.0,other
2019-04-11,31.0,26.0,12.8,1.5,other
2019-04-12,29.0,26.0,14.7,0.0,fog
2019-04-13,32.0,25.0,16.9,0.3,other
2019-04-14,31.0,22.0,14.4,1.6,other
2019-04-15,24.0,23.0,9.6,3.0,drizzle
2019-04-16,25.0,22.0,9.3,1.2,rain
2019-04-17,26.0,23.0,10.5,0.4,fog
2019-04-18,32.0,26.0,13.9,0.6,fog
2019-04-19,35.0,26.0,10.4,0.0,fog
2019-04-20,36.0,27.0,11.8,0.0,fog
2019-04-21,33.0,25.0,12.3,0.1,other
2019-04-22,35.0,26.0,15.0,0.0,sun
2019-04-23,32.0,25.0,14.0,0.0,sun
2019-04-24,35.0,26.0,13.3,0.0,fog
2019-04-25,32.0,27.0,14.2,0.0,sun
2019-04-26,33.0,25.0,13.7,0.0,other
2019-04-27,32.0,26.0,16.8,0.3,other
2019-04-28,33.0,24.0,14.2,4.0,other
2019-04-29,33.0,23.0,12.2,0.0,fog
2019-04-30,26.0,21.0,11.0,45.0,other
2019-05-01,27.0,22.0,7.5,10.3,other
2019-05-02,27.0,23.0,7.3,1.5,fog
2019-05-03,25.0,22.0,6.1,2.5,drizzle
2019-05-04,25.2,22.0,6.8,1.2,rain
2019-05-05,29.0,24.0,8.2,1.0,fog
2019-05-06,30.3,24.0,11.5,0.0,rain
2019-05-07,26.7,24.0,9.0,0.4,drizzle
2019-05-08,25.0,22.0,11.9,1.5,rain
2019-05-09,24.0,22.0,9.5,0.2,rain
2019-05-10,26.0,22.0,6.2,0.0,rain
2019-05-11,27.0,23.0,7.2,0.2,fog
2019-05-12,32.0,26.0,14.0,0.0,fog
2019-05-13,32.0,27.0,15.4,0.0,fog
2019-05-14,33.0,26.0,10.2,2.0,rain
2019-05-15,35.0,27.0,12.5,1.0,fog
2019-05-16,37.0,28.0,11.5,0.0,sun
2019-05-17,38.0,28.0,11.1,0.0,sun
2019-05-18,40.0,28.0,11.3,0.0,sun
2019-05-19,39.0,29.0,12.2,0.0,sun
2019-05-20,35.0,25.0,14.1,0.0,sun
2019-05-21,29.0,24.0,11.3,2.6,rain
2019-05-22,30.0,23.0,7.8,1.0,other
2019-05-23,32.0,26.0,9.5,0.0,fog
2019-05-24,33.0,26.0,12.5,0.0,rain
2019-05-25,35.0,28.0,13.5,1.0,other
2019-05-26,36.0,27.0,10.9,0.0,other
2019-05-27,30.0,26.0,7.8,0.2,other
2019-05-28,31.0,23.0,11.7,0.0,rain
2019-05-29,29.0,24.0,9.6,2.0,rain
2019-05-30,30.0,24.0,10.7,3.6,other
2019-05-31,28.0,23.0,11.4,13.0,rain
2019-06-01,25.0,23.0,8.5,20.0,other
2019-06-02,32.0,23.0,6.8,0.1,fog
2019-06-03,32.0,26.0,8.5,0.0,fog
2019-06-04,35.0,26.0,9.0,0.0,other
2019-06-05,36.0,25.0,11.2,0.0,fog
2019-06-06,36.0,25.0,11.8,7.5,other
2019-06-07,33.0,28.0,13.3,0.4,other
2019-06-08,34.0,28.0,12.4,2.0,rain
2019-06-09,38.0,29.0,12.3,0.0,sun
2019-06-10,36.0,29.0,11.9,0.0,sun
2019-06-11,34.0,29.0,10.5,0.0,sun
2019-06-12,38.0,30.0,10.7,0.0,sun
2019-06-13,31.0,27.0,10.6,0.0,sun
2019-06-14,34.0,27.0,11.8,0.0,other
2019-06-15,35.0,29.0,10.3,0.0,sun
2019-06-16,36.0,27.0,13.0,0.0,sun
2019-06-17,34.0,25.0,13.5,0.0,rain
2019-06-18,30.0,26.0,9.0,9.4,fog
2019-06-19,34.0,28.0,13.0,6.0,rain
2019-06-20,35.0,29.0,11.7,0.0,sun
2019-06-21,38.0,30.0,12.6,0.0,sun
2019-06-22,39.0,31.0,15.7,0.0,sun
2019-06-23,36.0,26.0,14.0,0.0,rain
2019-06-24,27.0,25.0,9.1,0.4,rain
2019-06-25,33.0,26.0,7.5,0.0,rain
2019-06-26,37.0,28.0,8.6,2.0,other
2019-06-27,37.0,29.0,9.6,0.0,sun
2019-06-28,38.0,29.0,11.6,0.0,sun
2019-06-29,38.0,25.0,11.3,0.0,rain
2019-06-30,31.0,26.0,6.8,35.0,rain
2019-07-01,32.0,27.0,10.8,0.0,other
2019-07-02,34.0,28.0,9.2,0.5,other
2019-07-03,36.0,26.0,19.1,2.4,other
2019-07-04,28.0,26.0,13.7,12.5,rain
2019-07-05,36.0,28.0,10.2,0.0,sun
2019-07-06,36.0,29.0,7.7,0.0,sun
2019-07-07,36.0,29.0,9.5,0.0,sun
2019-07-08,38.0,30.0,8.4,0.0,sun
2019-07-09,35.0,26.0,10.4,1.0,other
2019-07-10,30.0,24.0,8.0,0.0,rain
2019-07-11,34.0,27.0,7.8,0.0,sun
2019-07-12,37.0,28.0,8.5,0.0,sun
2019-07-13,36.0,30.0,8.0,0.0,sun
2019-07-14,30.0,27.0,7.4,0.0,sun
2019-07-15,35.0,26.0,8.3,9.0,other
2019-07-16,34.0,27.0,9.5,0.0,sun
2019-07-17,36.0,28.0,12.9,0.0,fog
2019-07-18,35.0,29.0,9.8,0.0,fog
2019-07-19,37.0,27.0,12.2,0.0,fog
2019-07-20,36.0,27.0,8.8,0.0,rain
2019-07-21,36.0,26.0,10.1,3.0,rain
2019-07-22,34.0,27.0,12.8,0.0,other
2019-07-23,34.0,27.0,8.6,0.0,rain
2019-07-24,33.0,26.0,8.1,0.0,rain
2019-07-25,32.0,27.0,9.2,0.0,other
2019-07-26,34.0,28.0,10.4,0.0,fog
2019-07-27,35.0,28.0,10.8,0.0,sun
2019-07-28,34.0,28.0,11.2,7.0,other
2019-07-29,34.0,27.0,11.1,42.0,other
2019-07-30,33.0,27.0,9.0,9.5,rain
2019-07-31,34.0,27.0,9.8,0.0,rain
2019-08-01,29.0,25.0,10.0,17.0,rain
2019-08-02,29.0,26.0,14.1,4.5,rain
2019-08-03,27.0,25.0,19.8,65.0,rain
2019-08-04,30.0,26.0,10.6,38.5,rain
2019-08-05,33.0,25.0,7.4,2.1,other
2019-08-06,35.0,27.0,6.3,0.0,sun
2019-08-07,36.0,28.0,8.4,0.0,fog
2019-08-08,33.0,24.0,8.8,4.0,other
2019-08-09,35.0,26.0,6.7,46.0,other
2019-08-10,35.0,28.0,8.0,0.0,fog
2019-08-11,36.0,29.0,8.9,0.0,fog
2019-08-12,37.0,28.0,5.7,0.0,other
2019-08-13,37.0,30.0,6.9,0.0,sun
2019-08-14,37.0,28.0,8.0,0.0,other
2019-08-15,36.0,26.0,9.7,0.0,other
2019-08-16,31.0,27.0,10.0,0.1,other
2019-08-17,32.0,26.0,6.0,0.0,other
2019-08-18,35.0,28.0,7.3,0.0,fog
2019-08-19,34.0,26.0,7.7,16.0,other
2019-08-20,34.0,26.0,8.3,17.0,fog
2019-08-21,30.0,26.0,6.1,4.0,fog
2019-08-22,31.0,26.0,8.0,53.0,other
2019-08-23,32.0,24.0,8.0,2.0,other
2019-08-24,34.0,25.0,9.1,3.1,fog
2019-08-25,35.0,26.0,6.2,0.0,fog
2019-08-26,32.0,26.0,9.8,0.0,fog
2019-08-27,33.0,26.0,8.4,0.0,other
2019-08-28,33.0,27.0,8.4,1.0,other
2019-08-29,37.0,27.0,12.6,22.0,rain
2019-08-30,31.0,25.0,12.2,16.2,rain
2019-08-31,31.0,25.0,7.7,18.0,rain
2019-09-01,29.0,26.0,10.3,13.0,other
2019-09-02,33.0,27.0,11.2,0.1,sun
2019-09-03,33.0,27.0,11.8,0.0,rain
2019-09-04,30.0,29.0,6.9,0.1,other
2019-09-05,35.0,27.0,8.3,0.0,fog
2019-09-06,36.0,27.0,7.5,0.0,fog
2019-09-07,36.0,28.0,13.5,0.0,fog
2019-09-08,36.0,28.0,13.0,1.0,other
2019-09-09,34.0,27.0,11.5,2.0,other
2019-09-10,26.0,25.0,11.5,3.0,other
2019-09-11,31.0,25.0,7.2,3.8,other
2019-09-12,34.0,26.0,6.7,5.0,fog
2019-09-13,34.0,26.0,6.6,0.0,fog
2019-09-14,35.0,26.0,5.6,0.0,fog
2019-09-15,35.0,27.0,7.9,0.0,fog
2019-09-16,34.0,26.0,6.8,6.0,fog
2019-09-17,34.0,27.0,6.7,0.0,fog
2019-09-18,33.0,25.0,7.9,0.0,other
2019-09-19,28.0,24.0,5.3,35.5,rain
2019-09-20,32.0,26.0,7.1,0.2,fog
2019-09-21,32.0,26.0,10.3,0.0,sun
2019-09-22,32.0,22.0,8.3,0.0,other
2019-09-23,31.0,21.0,7.8,0.0,other
2019-09-24,32.0,22.0,6.2,0.0,other
2019-09-25,33.0,22.0,6.3,0.0,fog
2019-09-26,32.0,24.0,7.6,0.0,fog
2019-09-27,32.0,22.0,6.1,0.0,fog
2019-09-28,33.0,22.0,5.8,0.0,fog
2019-09-29,33.0,22.0,6.6,0.0,fog
2019-09-30,34.0,24.0,7.9,0.0,other
2019-10-01,33.0,25.0,9.8,0.0,fog
2019-10-02,32.0,25.0,11.4,0.0,fog
2019-10-03,27.0,22.0,6.8,5.0,other
2019-10-04,29.0,23.0,7.0,18.5,other
2019-10-05,32.0,24.0,7.8,0.2,other
2019-10-06,33.0,23.0,6.3,0.0,fog
2019-10-07,33.0,24.0,7.5,0.0,rain
2019-10-08,27.0,23.0,7.9,4.5,rain
2019-10-09,27.0,23.0,7.8,9.0,rain
2019-10-10,32.0,24.0,10.0,0.1,fog
2019-10-11,33.0,25.0,12.7,0.0,fog
2019-10-12,33.0,26.0,12.1,0.0,fog
2019-10-13,31.0,24.0,9.7,0.0,rain
2019-10-14,30.0,24.0,13.2,1.0,other
2019-10-15,27.0,24.0,8.5,0.7,fog
2019-10-16,30.0,23.0,6.9,6.0,rain
2019-10-17,29.0,22.0,10.6,1.2,other
2019-10-18,27.0,21.0,9.0,0.1,sun
2019-10-19,31.0,22.0,6.9,0.0,sun
2019-10-20,30.0,24.0,7.2,0.0,fog
2019-10-21,31.0,24.0,10.0,0.0,fog
2019-10-22,32.0,25.0,15.0,0.0,fog
2019-10-23,32.0,23.0,16.3,0.0,other
2019-10-24,23.0,21.0,10.7,1.2,rain
2019-10-25,26.0,22.0,6.0,0.0,fog
2019-10-26,30.0,24.0,6.0,0.1,fog
2019-10-27,31.0,24.0,9.9,1.0,fog
2019-10-28,23.0,18.0,13.0,6.5,rain
2019-10-29,28.0,17.0,7.2,0.0,sun
2019-10-30,29.0,17.0,7.5,0.0,other
2019-10-31,27.0,18.0,7.8,0.0,rain
2019-11-01,20.0,18.0,10.4,11.0,rain
2019-11-02,24.0,20.0,12.4,4.0,rain
2019-11-03,27.0,22.0,8.1,0.7,fog
2019-11-04,29.0,20.0,9.6,0.0,sun
2019-11-05,28.0,18.0,7.9,0.0,fog
2019-11-06,28.0,19.0,7.2,0.0,fog
2019-11-07,28.0,21.0,10.0,0.0,fog
2019-11-08,27.0,17.0,7.5,0.0,sun
2019-11-09,27.0,17.0,6.4,0.0,fog
2019-11-10,28.0,17.0,7.1,0.0,fog
2019-11-11,28.0,18.0,5.1,0.0,fog
2019-11-12,28.0,20.0,8.1,0.0,fog
2019-11-13,27.0,20.0,11.9,2.0,fog
2019-11-14,23.0,18.0,7.3,8.0,other
2019-11-15,27.0,20.0,10.9,0.0,fog
2019-11-16,28.0,23.0,15.5,0.0,fog
2019-11-17,30.0,24.0,13.4,0.0,fog
2019-11-18,30.0,17.0,14.6,3.0,rain
2019-11-19,22.0,17.0,9.1,5.0,other
2019-11-20,24.0,18.0,6.4,0.0,fog
2019-11-21,25.0,19.0,6.2,0.0,fog
2019-11-22,27.0,19.0,9.7,0.0,fog
2019-11-23,27.0,20.0,11.5,0.0,fog
2019-11-24,29.0,21.0,11.0,0.0,fog
2019-11-25,29.0,20.0,8.5,0.0,fog
2019-11-26,24.0,20.0,7.7,0.0,fog
2019-11-27,27.0,19.0,12.0,0.0,other
2019-11-28,22.0,18.0,12.1,0.0,sun
2019-11-29,23.0,18.0,8.7,0.0,fog
2019-11-30,25.0,19.0,8.7,0.0,fog
2019-12-01,24.0,17.0,18.6,0.1,other
2019-12-02,21.0,15.0,13.3,0.0,sun
2019-12-03,22.0,13.0,9.1,0.0,sun
2019-12-04,23.0,13.0,10.6,0.0,sun
2019-12-05,23.0,14.0,12.7,0.0,sun
2019-12-06,21.0,10.0,10.0,0.0,sun
2019-12-07,22.0,8.0,6.5,0.0,fog
2019-12-08,22.0,9.0,6.7,0.0,sun
2019-12-09,22.0,10.0,6.5,0.0,sun
2019-12-10,23.0,9.0,5.8,0.0,fog
2019-12-11,23.0,10.0,5.0,0.0,fog
2019-12-12,24.0,11.0,6.0,0.0,fog
2019-12-13,24.0,15.0,6.6,0.0,fog
2019-12-14,24.0,16.0,7.2,0.0,fog
2019-12-15,26.0,20.0,10.2,0.0,fog
2019-12-16,27.0,20.0,9.2,0.0,fog
2019-12-17,27.0,21.0,9.5,0.0,fog
2019-12-18,29.0,21.0,12.5,0.0,fog
2019-12-19,26.0,17.0,17.2,0.0,fog
2019-12-20,17.0,15.0,13.0,0.0,fog
2019-12-21,16.0,15.0,9.7,1.0,rain
2019-12-22,16.0,15.0,9.8,0.6,drizzle
2019-12-23,20.0,16.0,4.6,0.6,fog
2019-12-24,25.0,19.0,10.8,0.0,fog
2019-12-25,27.0,21.0,13.4,0.0,fog
2019-12-26,25.0,17.0,14.9,0.0,other
2019-12-27,17.0,16.0,10.2,0.0,sun
2019-12-28,19.0,16.0,7.9,0.0,fog
2019-12-29,24.0,16.0,7.4,0.0,fog
2019-12-30,23.0,18.0,7.5,0.0,fog
2019-12-31,23.0,20.0,6.3,0.3,fog
2020-01-01,0.0,0.0,5.9,0.2,fog
2020-01-02,0.0,0.0,9.8,0.0,fog
2020-01-03,0.0,0.0,10.6,0.0,fog
2020-01-04,0.0,0.0,8.6,3.5,fog
2020-01-05,0.0,0.0,10.8,3.0,fog
2020-01-06,0.0,0.0,15.2,0.0,fog
2020-01-07,0.0,0.0,6.6,1.4,fog
2020-01-08,0.0,0.0,12.8,0.0,fog
2020-01-09,0.0,0.0,12.2,0.0,fog
2020-01-10,0.0,0.0,14.3,0.0,fog
2020-01-11,0.0,0.0,17.5,0.0,rain
2020-01-12,0.0,0.0,8.0,0.9,other
2020-01-13,0.0,0.0,4.4,0.2,fog
2020-01-14,0.0,0.0,7.1,0.3,fog
2020-01-15,0.0,0.0,19.2,0.0,sun
2020-01-16,0.0,0.0,17.3,0.0,rain
2020-01-17,0.0,0.0,13.7,0.0,drizzle
2020-01-18,15.0,14.0,10.6,0.2,fog
2020-01-19,16.0,13.0,11.8,0.2,other
2020-01-20,15.0,14.0,6.2,0.0,fog
2020-01-21,21.0,15.0,6.8,0.0,fog
2020-01-22,24.0,18.0,10.0,0.1,fog
2020-01-23,27.0,21.0,14.8,0.0,fog
2020-01-24,23.0,20.0,13.2,3.5,rain
2020-01-25,20.0,13.0,19.1,29.0,rain
2020-01-26,19.0,13.0,11.5,8.0,sun
2020-01-27,16.0,13.0,11.9,0.0,sun
2020-01-28,16.0,14.0,10.0,0.0,sun
2020-01-29,16.0,10.0,8.2,0.0,sun
2020-01-30,20.0,11.0,6.8,0.0,sun
2020-01-31,20.0,13.0,7.1,0.0,fog
2020-02-01,17.0,15.0,5.2,0.0,fog
2020-02-02,20.0,16.0,4.6,0.0,fog
2020-02-03,20.0,13.0,15.3,1.1,rain
2020-02-04,14.0,14.0,10.4,2.2,drizzle
2020-02-05,15.0,14.0,7.2,1.5,rain
2020-02-06,20.0,15.0,6.1,0.1,fog
2020-02-07,20.0,17.0,8.8,0.4,fog
2020-02-08,18.0,14.0,15.5,2.0,drizzle
2020-02-09,16.0,14.0,10.5,0.9,drizzle
2020-02-10,18.0,14.0,7.2,0.0,fog
2020-02-11,22.0,17.0,6.9,0.1,fog
2020-02-12,23.0,18.0,7.5,0.2,fog
2020-02-13,22.0,20.0,7.6,1.5,fog
2020-02-14,27.0,22.0,13.5,0.3,fog
2020-02-15,28.0,18.0,16.2,0.0,fog
2020-02-16,20.0,16.0,14.2,0.3,other
2020-02-17,20.0,15.0,10.5,0.0,sun
2020-02-18,21.0,15.0,9.1,0.0,sun
2020-02-19,21.0,15.0,6.5,0.0,fog
2020-02-20,19.0,17.0,7.6,0.0,fog
2020-02-21,22.0,17.0,9.6,0.0,fog
2020-02-22,24.0,16.0,4.7,0.0,fog
2020-02-23,25.0,16.0,8.3,0.0,fog
2020-02-24,26.0,18.0,11.5,0.0,fog
2020-02-25,26.0,18.0,9.3,0.0,fog
2020-02-26,27.0,19.0,10.3,0.0,fog
2020-02-27,28.0,21.0,11.6,0.0,fog
2020-02-28,27.0,21.0,11.8,0.0,other
2020-02-29,27.0,21.0,12.3,0.0,fog
2020-03-01,26.0,22.0,13.4,0.0,fog
2020-03-02,25.0,20.0,14.9,0.2,rain
2020-03-03,25.0,21.0,12.8,49.5,rain
2020-03-04,21.0,15.0,13.6,10.0,rain
2020-03-05,18.0,15.0,9.8,1.1,other
2020-03-06,23.0,16.0,8.2,0.0,fog
2020-03-07,24.0,19.0,7.5,0.0,fog
2020-03-08,29.0,21.0,9.0,0.0,fog
2020-03-09,33.0,23.0,9.3,0.0,fog
2020-03-10,26.0,21.0,11.8,0.0,sun
2020-03-11,24.0,20.0,9.7,0.0,drizzle
2020-03-12,25.0,20.0,7.8,0.0,fog
2020-03-13,28.0,22.0,9.0,0.0,fog
2020-03-14,23.0,20.0,7.6,0.2,other
2020-03-15,21.0,19.0,6.8,0.0,fog
2020-03-16,21.0,19.0,5.5,0.1,drizzle
2020-03-17,23.0,18.0,12.1,1.4,drizzle
2020-03-18,19.0,18.0,9.6,6.5,rain
2020-03-19,21.0,18.0,7.2,1.4,other
2020-03-20,25.0,20.0,8.5,0.0,fog
2020-03-21,27.0,21.0,10.1,0.0,fog
2020-03-22,28.0,23.0,11.2,3.0,fog
2020-03-23,28.0,22.0,9.4,1.4,fog
2020-03-24,29.0,23.0,14.3,0.4,fog
2020-03-25,28.0,24.0,15.2,0.0,other
2020-03-26,29.0,25.0,17.2,1.0,sun
2020-03-27,29.0,25.0,13.1,0.0,sun
2020-03-28,28.0,22.0,15.1,0.0,other
2020-03-29,28.0,21.0,15.8,0.0,rain
2020-03-30,20.0,17.0,16.9,0.0,drizzle
2020-03-31,19.0,17.0,11.8,0.4,other
2020-04-01,21.0,17.0,8.7,0.0,drizzle
2020-04-02,21.0,19.0,5.5,0.8,drizzle
2020-04-03,22.0,19.0,12.1,1.8,rain
2020-04-04,21.0,17.0,15.2,1.3,drizzle
2020-04-05,20.0,16.0,11.4,0.4,other
2020-04-06,20.0,16.0,7.2,0.7,rain
2020-04-07,23.0,16.0,6.0,0.3,fog
2020-04-08,23.0,18.0,5.6,4.0,fog
2020-04-09,26.0,20.0,7.1,0.0,fog
2020-04-10,27.0,22.0,9.5,0.0,fog
2020-04-11,29.0,22.0,9.2,0.0,fog
2020-04-12,22.0,17.0,10.5,13.0,rain
2020-04-13,18.0,14.0,7.9,3.6,rain
2020-04-14,25.0,15.0,8.3,0.0,fog
2020-04-15,26.0,19.0,11.1,0.0,fog
2020-04-16,24.0,22.0,9.5,0.0,fog
2020-04-17,26.0,23.0,12.8,0.5,fog
2020-04-18,32.0,23.0,15.0,0.5,fog
2020-04-19,28.0,24.0,11.8,0.0,fog
2020-04-20,30.0,25.0,14.1,0.0,other
2020-04-21,29.0,25.0,12.9,0.0,fog
2020-04-22,27.0,20.0,13.6,0.7,other
2020-04-23,22.0,17.0,17.1,3.0,rain
2020-04-24,18.0,16.0,8.1,11.0,rain
2020-04-25,21.0,17.0,6.7,0.8,other
2020-04-26,23.0,16.0,8.8,0.2,other
2020-04-27,29.0,18.0,8.0,0.0,fog
2020-04-28,31.0,21.0,7.5,0.0,fog
2020-04-29,30.0,22.0,9.5,0.0,fog
2020-04-30,29.0,23.0,10.4,0.0,fog
2020-05-01,27.0,23.0,7.3,11.0,fog
2020-05-02,32.0,24.0,11.1,0.0,fog
2020-05-03,31.0,25.0,10.7,0.0,fog
2020-05-04,34.0,27.0,13.8,0.0,fog
2020-05-05,33.0,26.0,13.2,0.0,fog
2020-05-06,32.0,26.0,13.6,0.0,sun
2020-05-07,32.0,26.0,13.2,0.0,other
2020-05-08,33.0,24.0,12.2,0.0,other
2020-05-09,34.0,25.0,11.6,4.0,fog
2020-05-10,35.0,27.0,12.2,0.0,fog
2020-05-11,32.0,26.0,15.1,0.0,sun
2020-05-12,30.0,25.0,9.7,18.0,other
2020-05-13,33.0,22.0,13.4,8.0,rain
2020-05-14,33.0,25.0,13.5,3.0,fog
2020-05-15,33.0,23.0,13.8,0.0,other
2020-05-16,34.0,26.0,16.0,3.0,fog
2020-05-17,31.0,23.0,13.8,0.0,sun
2020-05-18,33.0,26.0,11.3,1.2,other
2020-05-19,33.0,26.0,10.7,1.0,other
2020-05-20,37.0,28.0,8.6,0.0,fog
2020-05-21,39.0,29.0,7.8,0.0,sun
2020-05-22,33.0,26.0,12.3,0.0,rain
2020-05-23,31.0,25.0,8.4,4.0,fog
2020-05-24,33.0,26.0,12.2,2.0,other
2020-05-25,36.0,27.0,11.0,0.0,other
2020-05-26,31.0,23.0,13.7,1.6,rain
2020-05-27,30.0,24.0,7.9,6.0,rain
2020-05-28,31.0,26.0,7.2,0.0,fog
2020-05-29,34.0,27.0,12.4,0.2,other
2020-05-30,36.0,27.0,9.4,0.0,rain
2020-05-31,35.0,28.0,9.0,0.4,sun
2020-06-01,36.0,25.0,9.0,1.0,other
2020-06-02,37.0,27.0,9.2,2.0,fog
2020-06-03,36.0,28.0,13.8,0.0,sun
2020-06-04,37.0,28.0,13.6,0.0,sun
2020-06-05,36.0,28.0,9.9,0.0,other
2020-06-06,35.0,28.0,8.3,0.0,fog
2020-06-07,38.0,28.0,9.2,0.0,sun
2020-06-08,39.0,28.0,12.5,0.0,other
2020-06-09,38.0,28.0,10.2,0.0,other
2020-06-10,37.0,24.0,9.5,0.5,rain
2020-06-11,34.0,25.0,10.8,5.0,other
2020-06-12,36.0,27.0,12.3,2.0,other
2020-06-13,35.0,28.0,14.5,0.0,sun
2020-06-14,33.0,24.0,10.5,35.0,rain
2020-06-15,30.0,24.0,10.0,9.1,rain
2020-06-16,35.0,27.0,14.4,0.0,other
2020-06-17,34.0,28.0,14.9,0.0,sun
2020-06-18,34.0,28.0,14.8,0.0,sun
2020-06-19,34.0,29.0,14.6,0.0,sun
2020-06-20,36.0,29.0,14.7,0.0,other
2020-06-21,37.0,29.0,14.2,0.0,sun
2020-06-22,39.0,28.0,13.0,0.0,other
2020-06-23,38.0,28.0,11.1,0.0,other
2020-06-24,38.0,29.0,10.8,2.0,sun
2020-06-25,31.0,28.0,10.0,0.0,rain
2020-06-26,38.0,29.0,17.0,4.0,other
2020-06-27,38.0,29.0,17.3,0.0,sun
2020-06-28,37.0,28.0,15.6,0.0,rain
2020-06-29,36.0,29.0,15.8,0.0,other
2020-06-30,36.0,28.0,11.0,0.0,sun
2020-07-01,32.0,26.0,9.4,0.0,sun
2020-07-02,34.0,27.0,10.5,0.0,fog
2020-07-03,33.0,26.0,11.8,0.4,other
2020-07-04,31.0,26.0,10.2,21.0,other
2020-07-05,34.0,28.0,13.1,0.0,sun
2020-07-06,35.0,26.0,15.4,0.0,sun
2020-07-07,36.0,29.0,14.0,0.0,sun
2020-07-08,37.0,29.0,11.7,0.0,sun
2020-07-09,38.0,29.0,12.2,0.0,sun
2020-07-10,37.0,29.0,11.8,0.0,sun
2020-07-11,34.0,29.0,8.7,0.0,other
2020-07-12,33.0,27.0,9.7,0.0,rain
2020-07-13,37.0,25.0,13.1,0.0,rain
2020-07-14,36.0,27.0,10.0,0.0,other
2020-07-15,37.0,28.0,14.5,0.0,sun
2020-07-16,36.0,29.0,16.6,0.0,sun
2020-07-17,38.0,29.0,14.9,0.0,sun
2020-07-18,38.0,29.0,15.9,0.0,other
2020-07-19,37.0,27.0,12.1,0.0,other
2020-07-20,33.0,26.0,10.2,0.0,other
2020-07-21,34.0,27.0,15.4,0.3,other
2020-07-22,35.0,27.0,15.2,0.0,sun
2020-07-23,35.0,27.0,12.4,0.0,sun
2020-07-24,36.0,27.0,13.0,0.0,sun
2020-07-25,36.0,28.0,14.7,0.0,sun
2020-07-26,36.0,26.0,12.1,14.0,rain
2020-07-27,31.0,26.0,7.5,0.0,other
2020-07-28,35.0,26.0,7.6,0.0,fog
2020-07-29,34.0,27.0,8.2,0.0,fog
2020-07-30,36.0,28.0,9.2,0.0,fog
2020-07-31,35.0,28.0,8.2,20.0,other
2020-08-01,33.0,26.0,14.2,8.0,other
2020-08-02,29.0,25.0,18.5,33.5,rain
2020-08-03,29.0,26.0,12.3,4.0,other
2020-08-04,30.0,26.0,9.1,3.0,other
2020-08-05,29.0,25.0,10.0,21.5,rain
2020-08-06,29.0,26.0,11.9,2.6,rain
2020-08-07,29.0,26.0,8.7,35.0,other
2020-08-08,34.0,27.0,11.5,0.0,fog
2020-08-09,35.0,28.0,11.4,0.3,fog
2020-08-10,37.0,26.0,11.3,0.2,other
2020-08-11,35.0,26.0,10.9,14.5,other
2020-08-12,34.0,25.0,14.2,20.0,other
2020-08-13,31.0,25.0,12.2,7.0,rain
2020-08-14,29.0,25.0,11.4,4.0,rain
2020-08-15,31.0,25.0,11.8,0.0,other
2020-08-16,30.0,25.0,9.1,9.4,other
2020-08-17,30.0,25.0,13.6,2.5,rain
2020-08-18,29.0,25.0,10.5,26.0,rain
2020-08-19,31.0,26.0,6.8,24.5,other
2020-08-20,32.0,25.0,8.7,0.0,other
2020-08-21,32.0,26.0,6.5,51.0,other
2020-08-22,32.0,26.0,7.5,3.5,other
2020-08-23,34.0,26.0,9.9,0.1,fog
2020-08-24,35.0,26.0,8.6,0.0,rain
2020-08-25,35.0,27.0,8.0,12.0,other
2020-08-26,36.0,28.0,8.1,0.0,fog
2020-08-27,36.0,28.0,10.0,0.0,fog
2020-08-28,35.0,28.0,9.1,1.0,other
2020-08-29,35.0,28.0,10.0,0.0,sun
2020-08-30,35.0,28.0,8.0,0.0,fog
2020-08-31,35.0,25.0,9.6,0.0,sun
2020-09-01,36.0,26.0,7.6,0.0,fog
2020-09-02,36.0,28.0,7.9,0.0,fog
2020-09-03,35.0,28.0,7.0,12.0,other
2020-09-04,35.0,28.0,9.6,0.0,fog
2020-09-05,36.0,29.0,12.2,0.0,other
2020-09-06,35.0,26.0,11.0,31.0,rain
2020-09-07,28.0,25.0,5.4,18.0,rain
2020-09-08,31.0,26.0,8.2,0.0,sun
2020-09-09,31.0,26.0,12.6,0.0,sun
2020-09-10,34.0,26.0,10.8,0.1,fog
2020-09-11,34.0,27.0,9.1,0.0,fog
2020-09-12,33.0,25.0,9.7,0.3,rain
2020-09-13,33.0,26.0,8.8,1.0,other
2020-09-14,33.0,26.0,8.0,6.4,other
2020-09-15,34.0,27.0,12.4,0.1,fog
2020-09-16,35.0,27.0,12.5,0.0,other
2020-09-17,35.0,27.0,11.8,0.0,other
2020-09-18,29.0,24.0,18.7,1.6,rain
2020-09-19,25.0,24.0,9.5,16.8,rain
2020-09-20,27.0,25.0,6.3,1.0,fog
2020-09-21,32.0,26.0,11.3,0.0,fog
2020-09-22,32.0,25.0,8.6,7.5,rain
2020-09-23,31.7,23.0,11.2,0.6,rain
2020-09-24,28.0,24.0,7.5,7.0,rain
2020-09-25,33.0,25.0,13.4,0.2,other
2020-09-26,32.0,24.0,12.3,8.0,other
2020-09-27,28.0,24.0,9.7,17.5,rain
2020-09-28,30.0,25.0,5.8,0.7,fog
2020-09-29,33.0,26.0,9.0,0.0,fog
2020-09-30,34.0,25.0,11.0,0.0,fog
2020-10-01,31.0,26.0,8.0,10.5,rain
2020-10-02,32.0,26.0,9.4,0.0,fog
2020-10-03,26.8,26.8,7.0,4.1,rain
2020-10-04,0.0,0.0,8.7,0.0,other
2020-10-05,0.0,0.0,10.5,0.4,other
2020-10-06,0.0,0.0,16.1,0.0,rain
2020-10-07,0.0,0.0,15.3,0.0,sun
2020-10-08,0.0,0.0,18.0,0.0,sun
2020-10-09,0.0,0.0,13.8,0.0,sun
2020-10-10,0.0,0.0,15.3,0.0,sun
2020-10-11,0.0,0.0,11.3,0.0,sun
2020-10-12,0.0,0.0,10.4,0.0,sun
2020-10-13,0.0,0.0,13.0,0.0,rain
2020-10-14,0.0,0.0,16.7,28.0,rain
2020-10-15,0.0,0.0,11.5,20.0,rain
2020-10-16,0.0,0.0,18.2,56.0,other
2020-10-17,0.0,0.0,15.6,0.0,other
2020-10-18,0.0,0.0,11.5,14.0,rain
2020-10-19,0.0,0.0,11.8,0.6,other
2020-10-20,0.0,0.0,12.6,0.0,other
2020-10-21,0.0,0.0,9.2,0.0,sun
2020-10-22,0.0,0.0,9.5,0.0,sun
2020-10-23,0.0,0.0,7.6,0.0,sun
2020-10-24,0.0,0.0,6.4,0.0,sun
2020-10-25,0.0,0.0,7.6,0.0,other
2020-10-26,0.0,0.0,7.8,0.0,rain
2020-10-27,0.0,0.0,6.2,1.0,fog
2020-10-28,0.0,0.0,14.2,0.6,rain
2020-10-29,0.0,0.0,16.2,9.5,rain
2020-10-30,0.0,0.0,7.1,4.5,rain
2020-10-31,0.0,0.0,6.2,1.5,fog
2020-11-01,0.0,0.0,5.5,0.0,fog
2020-11-02,0.0,0.0,11.8,2.0,fog
2020-11-03,0.0,0.0,10.5,0.0,sun
2020-11-04,0.0,0.0,6.8,0.0,fog
2020-11-05,0.0,0.0,5.7,0.0,fog
2020-11-06,0.0,0.0,6.0,0.0,fog
2020-11-07,0.0,0.0,11.7,0.0,sun
2020-11-08,0.0,0.0,10.4,0.0,sun
2020-11-09,0.0,0.0,10.0,0.0,sun
2020-11-10,0.0,0.0,8.6,0.0,fog
2020-11-11,0.0,0.0,6.5,0.0,fog
2020-11-12,0.0,0.0,7.3,0.0,sun
2020-11-13,0.0,0.0,7.9,0.0,sun
2020-11-14,0.0,0.0,12.0,0.0,rain
2020-11-15,0.0,0.0,9.0,5.0,rain
2020-11-16,0.0,0.0,5.4,16.0,rain
2020-11-17,0.0,0.0,11.9,4.0,fog
2020-11-18,0.0,0.0,9.8,0.0,fog
2020-11-19,0.0,0.0,8.6,0.0,fog
2020-11-20,0.0,0.0,11.2,0.0,fog
2020-11-21,0.0,0.0,11.8,0.0,fog
2020-11-22,0.0,0.0,9.3,0.0,fog
2020-11-23,0.0,0.0,10.8,0.0,fog
2020-11-24,0.0,0.0,8.8,0.0,fog
2020-11-25,0.0,0.0,8.7,0.0,fog
2020-11-26,0.0,0.0,7.6,0.0,fog
2020-11-27,0.0,0.0,14.4,0.0,fog
2020-11-28,0.0,0.0,14.7,0.0,sun
2020-11-29,0.0,0.0,10.7,0.0,sun
2020-11-30,0.0,0.0,10.5,0.0,sun
2020-12-01,0.0,0.0,11.2,0.0,sun
2020-12-02,0.0,0.0,9.0,0.0,fog
2020-12-03,0.0,0.0,16.0,0.0,sun
2020-12-04,0.0,0.0,12.0,0.0,sun
2020-12-05,0.0,0.0,9.0,0.0,sun
2020-12-06,0.0,0.0,6.9,0.0,fog
2020-12-07,0.0,0.0,10.8,0.0,sun
2020-12-08,0.0,0.0,8.5,0.0,fog
2020-12-09,0.0,0.0,7.5,0.0,fog
2020-12-10,0.0,0.0,6.4,0.0,fog
2020-12-11,0.0,0.0,10.2,0.0,fog
2020-12-12,0.0,0.0,10.7,0.0,fog
2020-12-13,0.0,0.0,8.8,0.0,fog
2020-12-14,0.0,0.0,17.0,0.0,drizzle
2020-12-15,0.0,0.0,16.0,0.4,drizzle
2020-12-16,0.0,0.0,15.3,0.0,other
2020-12-17,0.0,0.0,13.9,0.0,drizzle
2020-12-18,0.0,0.0,13.8,0.0,other
2020-12-19,0.0,0.0,15.2,0.0,sun
2020-12-20,0.0,0.0,13.0,0.0,sun
2020-12-21,0.0,0.0,10.5,0.0,sun
2020-12-22,0.0,0.0,7.1,0.0,fog
2020-12-23,0.0,0.0,9.1,0.0,other
2020-12-24,0.0,0.0,6.8,0.0,fog
2020-12-25,0.0,0.0,7.8,0.0,fog
2020-12-26,0.0,0.0,7.0,0.0,fog
2020-12-27,0.0,0.0,7.3,0.1,fog
2020-12-28,0.0,0.0,13.9,0.0,fog
2020-12-29,0.0,0.0,14.7,0.0,other
2020-12-30,0.0,0.0,14.0,3.0,other
2020-12-31,0.0,0.0,9.6,0.0,sun
2021-01-01,18.0,9.0,7.0,0.0,fog
2021-01-02,20.0,8.0,7.2,0.0,fog
2021-01-03,21.0,10.0,9.2,0.0,fog
2021-01-04,20.0,14.0,5.1,0.0,other
2021-01-05,20.0,16.0,7.6,0.0,other
2021-01-06,17.0,15.0,9.0,0.0,other
2021-01-07,15.0,10.0,18.0,0.0,fog
2021-01-08,12.0,9.0,15.8,0.0,sun
2021-01-09,12.0,9.0,10.8,0.0,sun
2021-01-10,13.0,10.0,8.5,0.0,sun
2021-01-11,16.0,11.0,9.3,0.0,other
2021-01-12,19.0,10.0,9.3,0.0,other
2021-01-13,21.0,10.0,9.2,0.0,fog
2021-01-14,21.0,10.0,6.8,0.0,fog
2021-01-15,19.0,14.0,6.0,0.0,fog
2021-01-16,20.0,16.0,6.2,0.0,fog
2021-01-17,16.0,13.0,12.3,1.4,rain
2021-01-18,19.0,10.0,8.6,0.0,fog
2021-01-19,21.0,10.0,9.7,0.0,fog
2021-01-20,21.0,13.0,6.2,0.0,fog
2021-01-21,18.0,16.0,5.6,0.0,fog
2021-01-22,23.0,14.0,6.0,0.0,fog
2021-01-23,23.0,14.0,8.7,0.0,fog
2021-01-24,24.0,15.0,13.8,0.0,fog
2021-01-25,22.0,19.0,7.2,0.1,fog
2021-01-26,25.0,18.0,13.0,0.0,fog
2021-01-27,23.0,19.0,12.4,0.0,fog
2021-01-28,20.0,16.0,11.1,0.3,fog
2021-01-29,22.0,15.0,9.0,0.0,fog
2021-01-30,19.0,16.0,7.4,0.0,fog
2021-01-31,19.0,18.0,4.6,2.0,fog
2021-02-01,23.0,18.0,8.6,0.0,fog
2021-02-02,23.0,18.0,9.7,0.0,fog
2021-02-03,26.0,17.0,7.9,0.0,fog
2021-02-04,24.0,17.0,7.9,0.0,fog
2021-02-05,26.0,17.0,9.8,0.0,fog
2021-02-06,25.0,17.0,8.5,0.0,fog
2021-02-07,26.0,17.0,8.0,0.0,fog
2021-02-08,24.0,15.0,13.0,1.0,rain
2021-02-09,17.0,14.0,9.7,22.5,rain
2021-02-10,23.0,14.0,8.0,0.0,fog
2021-02-11,24.0,15.0,7.9,0.0,fog
2021-02-12,22.0,15.0,5.6,0.0,fog
2021-02-13,23.0,15.0,8.4,0.0,fog
2021-02-14,26.0,17.0,8.6,0.0,fog
2021-02-15,22.0,18.0,9.1,0.0,fog
2021-02-16,21.0,19.0,9.2,0.2,fog
2021-02-17,21.0,18.0,10.1,0.0,sun
2021-02-18,23.0,18.0,4.5,0.0,fog
2021-02-19,23.0,16.0,6.3,0.0,fog
2021-02-20,25.0,16.0,7.8,0.0,fog
2021-02-21,27.0,17.6,12.5,0.0,fog
2021-02-22,25.0,20.0,10.5,0.0,fog
2021-02-23,25.0,20.0,9.0,0.0,fog
2021-02-24,25.0,21.0,15.3,0.0,fog
2021-02-25,26.0,21.0,14.5,0.0,fog
2021-02-26,27.0,19.0,12.2,0.3,fog
2021-02-27,19.0,16.0,14.2,3.0,drizzle
2021-02-28,19.0,16.0,6.7,1.0,drizzle
2021-03-01,23.0,19.0,10.9,0.6,drizzle
2021-03-02,21.0,18.0,7.3,0.8,other
2021-03-03,19.0,16.0,8.8,0.0,fog
2021-03-04,18.0,16.0,7.5,2.0,drizzle
2021-03-05,20.0,18.0,5.8,0.5,drizzle
2021-03-06,27.0,20.0,10.2,0.5,fog
2021-03-07,25.0,20.0,10.6,0.1,other
2021-03-08,24.0,20.0,10.3,0.0,fog
2021-03-09,26.0,22.0,15.5,0.0,fog
2021-03-10,27.0,22.0,17.1,0.0,fog
2021-03-11,27.0,22.0,13.8,0.8,fog
2021-03-12,28.0,22.0,13.4,0.0,fog
2021-03-13,25.0,19.0,7.7,0.0,fog
2021-03-14,27.0,20.0,12.9,0.0,fog
2021-03-15,26.0,22.0,14.5,0.0,fog
2021-03-16,24.0,22.0,14.0,1.0,fog
2021-03-17,26.0,23.0,14.2,0.0,fog
2021-03-18,26.0,23.0,13.3,0.2,drizzle
2021-03-19,27.0,23.0,14.6,0.0,drizzle
2021-03-20,26.0,23.0,9.8,0.3,drizzle
2021-03-21,23.0,17.0,16.5,7.0,rain
2021-03-22,20.0,17.0,9.5,0.0,sun
2021-03-23,22.0,17.0,7.9,0.0,sun
2021-03-24,21.0,18.0,7.3,0.0,fog
2021-03-25,21.0,19.0,7.9,0.0,drizzle
2021-03-26,25.0,21.0,13.9,0.5,fog
2021-03-27,25.0,22.0,11.6,0.2,drizzle
2021-03-28,24.0,23.0,9.8,1.0,fog
2021-03-29,29.0,23.0,10.5,0.0,fog
2021-03-30,27.0,24.0,8.9,0.0,fog
2021-03-31,29.0,24.0,11.9,0.0,fog
2021-04-01,29.0,25.0,12.8,0.0,drizzle
2021-04-02,27.0,25.0,9.9,0.1,fog
2021-04-03,27.0,24.0,9.9,0.5,fog
2021-04-04,29.0,21.0,12.2,0.0,fog
2021-04-05,24.0,21.0,9.7,3.6,fog
2021-04-06,30.0,22.0,14.8,0.2,fog
2021-04-07,30.0,24.0,13.3,0.0,fog
2021-04-08,30.0,19.0,16.3,0.3,rain
2021-04-09,21.0,18.0,10.1,5.2,rain
2021-04-10,21.0,18.0,7.5,1.2,drizzle
2021-04-11,29.0,21.0,12.7,0.9,fog
2021-04-12,30.0,24.0,14.7,0.0,fog
2021-04-13,27.0,24.0,12.2,0.0,fog
2021-04-14,30.0,25.0,14.5,0.0,fog
2021-04-15,27.0,25.0,12.8,1.8,drizzle
2021-04-16,30.0,23.0,14.5,0.0,fog
2021-04-17,23.0,21.0,9.4,62.5,rain
2021-04-18,24.0,21.0,8.0,2.0,fog
2021-04-19,31.0,23.0,12.0,0.2,fog
2021-04-20,32.0,26.0,16.8,0.0,fog
2021-04-21,33.0,27.0,17.9,0.0,other
2021-04-22,32.0,26.0,15.0,0.0,other
2021-04-23,31.0,26.0,16.0,0.2,other
2021-04-24,30.0,26.0,15.9,0.0,fog
2021-04-25,29.0,25.0,10.8,2.0,rain
2021-04-26,25.0,21.0,10.6,20.5,rain
2021-04-27,27.0,22.0,10.1,0.8,rain
2021-04-28,25.0,20.0,12.2,3.0,rain
2021-04-29,28.0,21.0,7.0,2.0,fog
2021-04-30,31.0,22.0,10.4,0.0,fog
2021-05-01,29.0,24.0,10.2,0.1,fog
2021-05-02,32.0,25.0,13.0,2.0,fog
2021-05-03,33.0,26.0,16.0,0.0,other
2021-05-04,34.0,24.0,15.5,0.0,fog
2021-05-05,26.0,22.0,10.0,42.0,rain
2021-05-06,32.0,23.0,9.2,0.3,fog
2021-05-07,32.0,25.0,11.0,0.0,fog
2021-05-08,31.0,26.0,10.4,0.0,sun
2021-05-09,33.0,26.0,14.0,0.0,sun
2021-05-10,35.0,27.0,16.3,4.0,rain
2021-05-11,36.0,25.0,11.0,25.0,other
2021-05-12,34.0,24.0,13.8,2.0,rain
2021-05-13,31.0,25.0,10.9,3.2,other
2021-05-14,34.0,27.0,16.4,0.1,sun
2021-05-15,34.0,27.0,15.2,0.0,other
2021-05-16,35.0,27.0,14.1,0.2,other
2021-05-17,34.0,28.0,15.9,0.5,other
2021-05-18,33.0,27.0,17.4,0.0,sun
2021-05-19,35.0,27.0,15.4,0.0,sun
2021-05-20,35.0,28.0,15.5,0.0,rain
2021-05-21,33.0,28.0,15.2,0.0,other
2021-05-22,36.0,29.0,17.2,0.0,other
2021-05-23,35.0,29.0,14.1,0.4,other
2021-05-24,0.0,0.0,12.3,9.0,rain
2021-05-25,0.0,0.0,7.5,5.0,rain
2021-05-26,34.0,27.0,11.8,3.0,rain
2021-05-27,33.0,27.0,11.3,0.0,rain
2021-05-28,34.0,28.0,12.2,0.0,fog
2021-05-29,35.0,28.0,13.3,1.0,other
2021-05-30,38.0,29.0,10.5,0.0,sun
2021-05-31,39.0,29.0,10.2,0.0,sun
2021-06-01,39.0,29.0,12.0,0.0,sun
2021-06-02,40.0,30.0,11.5,0.0,other
2021-06-03,40.0,26.0,13.4,0.0,other
2021-06-04,29.0,25.0,9.8,0.3,sun
2021-06-05,32.0,26.0,5.4,0.0,fog
2021-06-06,33.0,27.0,9.2,0.0,fog
2021-06-07,34.0,26.0,9.3,26.5,rain
2021-06-08,34.0,26.0,6.2,19.5,rain
2021-06-09,32.0,26.0,8.2,18.2,rain
2021-06-10,32.0,26.0,8.2,0.0,rain
2021-06-11,34.0,27.0,10.0,2.0,other
2021-06-12,35.0,26.0,14.7,16.0,other
2021-06-13,31.0,26.0,15.4,29.5,rain
2021-06-14,34.0,27.0,13.5,0.0,other
2021-06-15,35.0,28.0,8.5,0.0,sun
2021-06-16,37.0,28.0,9.7,0.0,sun
2021-06-17,37.0,29.0,10.6,0.0,sun
2021-06-18,38.0,29.0,9.2,0.0,sun
2021-06-19,39.0,30.0,8.9,0.0,sun
2021-06-20,40.0,30.0,8.1,0.0,sun
2021-06-21,38.0,30.0,9.0,0.0,sun
2021-06-22,37.0,26.0,10.2,0.0,other
2021-06-23,34.0,27.0,8.6,43.0,rain
2021-06-24,32.0,26.0,9.8,0.6,other
2021-06-25,32.0,25.0,9.5,0.0,other
2021-06-26,35.0,26.0,9.5,19.5,other
2021-06-27,37.0,29.0,9.8,7.0,sun
2021-06-28,37.0,30.0,7.7,0.0,sun
2021-06-29,35.0,28.0,9.1,0.0,sun
2021-06-30,36.0,29.0,10.6,0.0,sun
2021-07-01,37.0,30.0,11.5,0.0,sun
2021-07-02,38.0,30.0,10.3,0.0,rain
2021-07-03,37.0,29.0,9.2,0.0,other
2021-07-04,37.0,30.0,13.4,0.0,sun
2021-07-05,33.0,26.0,9.2,5.0,other
2021-07-06,35.0,28.0,9.2,0.0,sun
2021-07-07,34.0,25.0,8.4,24.0,other
2021-07-08,29.0,26.0,10.2,26.5,rain
2021-07-09,33.0,26.0,9.0,3.5,other
2021-07-10,32.0,25.0,7.1,12.0,rain
2021-07-11,35.0,27.0,9.6,0.0,sun
2021-07-12,35.0,27.0,15.4,0.0,sun
2021-07-13,35.0,28.0,15.8,0.0,sun
2021-07-14,35.0,27.0,15.4,0.0,sun
2021-07-15,35.0,27.0,12.3,0.0,sun
2021-07-16,36.0,27.0,10.0,0.0,fog
2021-07-17,36.0,28.0,12.2,0.0,sun
2021-07-18,31.0,25.0,9.0,0.7,other
2021-07-19,34.0,26.0,7.0,0.0,sun
2021-07-20,35.0,26.0,8.1,0.0,other
2021-07-21,34.0,26.0,9.6,0.0,other
2021-07-22,31.0,26.0,6.9,16.5,rain
2021-07-23,28.0,26.0,10.3,25.0,rain
2021-07-24,36.0,27.0,8.4,2.0,fog
2021-07-25,35.0,26.0,9.8,0.0,sun
2021-07-26,35.0,27.0,8.0,0.0,other
2021-07-27,36.0,28.0,7.2,0.2,other
2021-07-28,36.0,28.0,9.0,0.0,other
2021-07-29,36.0,28.0,7.6,3.0,fog
2021-07-30,36.0,28.0,7.4,0.0,fog
2021-07-31,37.0,25.0,8.4,0.0,other
2021-08-01,30.0,26.0,7.1,8.0,rain
2021-08-02,36.0,27.0,7.3,0.0,sun
2021-08-03,36.0,28.0,7.8,0.0,sun
2021-08-04,37.0,29.0,6.7,0.0,sun
2021-08-05,36.0,29.0,8.4,0.0,other
2021-08-06,38.0,30.0,10.2,0.0,sun
2021-08-07,38.0,30.0,9.9,0.0,fog
2021-08-08,34.0,27.0,9.9,0.0,other
2021-08-09,32.0,27.0,7.7,0.0,other
2021-08-10,30.0,25.0,8.9,11.5,rain
2021-08-11,33.0,24.0,8.6,12.5,rain
2021-08-12,32.0,24.0,9.4,25.5,other
2021-08-13,35.0,27.0,8.8,1.0,other
2021-08-14,35.0,24.0,8.0,0.0,fog
2021-08-15,32.0,26.0,9.0,0.0,other
2021-08-16,34.0,25.0,11.4,0.0,rain
2021-08-17,35.0,24.0,9.4,0.0,other
2021-08-18,35.0,25.0,9.1,0.0,other
2021-08-19,34.0,27.0,11.8,25.0,other
2021-08-20,34.0,28.0,12.0,0.0,sun
2021-08-21,36.0,28.0,13.1,0.0,sun
2021-08-22,35.0,29.0,14.8,0.0,sun
2021-08-23,30.0,27.0,12.7,0.0,sun
2021-08-24,34.0,27.0,11.5,0.0,other
2021-08-25,34.0,27.0,11.9,4.5,other
2021-08-26,32.0,25.0,9.4,16.6,other
2021-08-27,31.0,23.0,7.3,39.0,other
2021-08-28,32.0,25.0,6.8,8.5,other
2021-08-29,33.0,25.0,7.9,0.0,fog
2021-08-30,33.0,26.0,8.1,0.0,other
2021-08-31,34.0,27.0,8.2,10.0,other
2021-09-01,34.0,26.0,8.8,19.0,other
2021-09-02,32.0,25.0,6.2,0.0,other
2021-09-03,33.0,27.0,9.8,2.0,other
2021-09-04,33.0,27.0,10.9,9.0,rain
2021-09-05,32.0,25.0,7.3,19.1,other
2021-09-06,34.0,26.0,6.7,0.0,sun
2021-09-07,31.0,25.0,7.7,0.0,rain
2021-09-08,32.0,24.0,9.6,24.0,rain
2021-09-09,32.0,25.0,6.0,29.2,other
2021-09-10,34.0,25.0,7.9,0.0,other
2021-09-11,35.0,26.0,7.8,0.0,sun
2021-09-12,36.0,28.0,6.8,0.0,fog
2021-09-13,34.0,25.0,8.0,0.0,fog
2021-09-14,28.0,25.0,6.6,6.0,rain
2021-09-15,28.0,25.0,5.6,15.5,fog
2021-09-16,31.0,25.0,9.1,5.0,rain
2021-09-17,32.0,24.0,9.6,4.0,other
2021-09-18,34.0,26.0,11.2,3.0,fog
2021-09-19,34.0,27.0,11.9,0.0,sun
2021-09-20,33.0,24.0,7.3,0.0,other
2021-09-21,34.0,25.0,7.0,0.0,other
2021-09-22,32.0,25.0,6.6,3.0,other
2021-09-23,32.0,25.0,8.0,0.2,fog
2021-09-24,28.0,23.0,6.0,10.0,rain
2021-09-25,32.0,23.0,8.2,44.0,rain
2021-09-26,30.0,24.0,7.1,17.5,rain
2021-09-27,32.0,24.0,5.2,2.5,fog
2021-09-28,33.0,26.0,7.3,0.0,fog
2021-09-29,34.0,26.0,7.5,0.0,fog
2021-09-30,34.0,26.0,8.8,0.0,fog
2021-10-01,34.0,26.0,9.4,0.0,fog
2021-10-02,31.0,25.0,8.2,0.0,other
2021-10-03,33.0,26.0,8.1,0.0,fog
2021-10-04,32.0,25.0,7.1,8.0,other
2021-10-05,33.0,26.0,7.6,0.1,other
2021-10-06,34.0,26.0,5.0,0.0,fog
2021-10-07,34.0,26.0,6.8,0.0,fog
2021-10-08,34.0,27.0,11.7,0.0,sun
2021-10-09,29.0,23.0,11.7,9.0,rain
2021-10-10,25.0,23.0,14.6,43.5,rain
2021-10-11,0.0,0.0,13.6,52.0,rain
2021-10-12,0.0,0.0,11.8,0.0,sun
2021-10-13,27.0,23.0,12.0,5.0,rain
2021-10-14,24.0,21.0,17.8,7.5,rain
2021-10-15,22.0,21.0,8.7,16.5,rain
2021-10-16,24.0,19.0,14.8,26.0,rain
2021-10-17,24.0,18.0,13.0,2.0,rain
2021-10-18,20.0,18.0,5.5,8.0,rain
2021-10-19,24.0,20.0,4.8,3.0,fog
2021-10-20,31.0,23.0,10.8,0.0,fog
2021-10-21,26.0,20.0,14.5,0.0,rain
2021-10-22,21.0,18.0,11.8,0.0,rain
2021-10-23,24.0,19.0,8.2,0.0,sun
2021-10-24,25.0,18.0,7.7,0.0,sun
2021-10-25,27.0,18.0,5.8,0.0,fog
2021-10-26,28.0,20.0,4.5,0.0,fog
2021-10-27,29.0,21.0,6.2,0.0,fog
2021-10-28,25.0,21.0,7.1,41.0,rain
2021-10-29,22.0,20.0,6.8,9.0,rain
2021-10-30,20.0,19.0,11.2,17.5,rain
2021-10-31,22.0,20.0,7.1,0.8,drizzle
2021-11-01,22.0,21.0,7.4,2.5,rain
2021-11-02,23.0,21.0,7.6,3.0,rain
2021-11-03,27.0,21.0,7.5,0.0,fog
2021-11-04,30.0,23.0,14.1,0.0,fog
2021-11-05,30.0,24.0,11.9,0.0,fog
2021-11-06,30.0,24.0,10.5,0.0,fog
2021-11-07,31.0,20.0,12.8,0.0,fog
2021-11-08,20.0,17.0,12.7,0.4,other
2021-11-09,24.0,18.0,7.8,0.0,sun
2021-11-10,24.0,16.0,6.5,0.0,sun
2021-11-11,25.0,16.0,6.2,0.0,sun
2021-11-12,25.0,20.0,10.6,0.0,sun
2021-11-13,24.0,17.0,8.1,0.0,sun
2021-11-14,26.0,19.0,5.6,0.0,sun
2021-11-15,26.0,19.0,6.6,0.0,fog
2021-11-16,21.0,20.0,4.4,0.0,fog
2021-11-17,22.0,19.0,12.7,0.4,drizzle
2021-11-18,23.0,17.0,7.0,0.0,fog
2021-11-19,23.0,19.0,7.2,0.0,fog
2021-11-20,28.0,20.0,7.3,0.6,fog
2021-11-21,31.0,20.0,11.3,0.0,fog
2021-11-22,22.0,17.0,17.2,1.0,other
2021-11-23,21.0,17.0,11.5,0.0,sun
2021-11-24,21.0,16.0,8.7,0.0,sun
2021-11-25,21.0,16.0,5.0,0.0,fog
2021-11-26,24.0,16.0,6.0,0.0,rain
2021-11-27,25.0,15.0,7.1,0.0,fog
2021-11-28,26.0,16.0,4.9,0.0,other
2021-11-29,28.0,18.0,5.7,0.0,fog
2021-11-30,26.0,17.0,11.4,0.0,sun
2021-12-01,24.0,12.0,6.9,0.0,sun
2021-12-02,23.0,12.0,5.5,0.0,sun
2021-12-03,24.0,12.0,5.1,0.0,fog
2021-12-04,24.0,12.0,4.7,0.0,fog
2021-12-05,24.0,13.0,5.0,0.0,fog
2021-12-06,25.0,11.0,4.6,0.0,fog
2021-12-07,25.0,12.0,4.5,0.0,fog
2021-12-08,24.0,13.0,4.3,0.0,fog
2021-12-09,22.0,17.0,5.7,0.0,fog
2021-12-10,25.0,18.0,9.2,0.0,fog
2021-12-11,24.0,18.0,6.5,0.0,fog
2021-12-12,26.0,17.0,13.2,0.0,fog
2021-12-13,20.0,13.0,6.8,0.0,sun
2021-12-14,23.0,13.0,5.7,0.0,fog
2021-12-15,21.0,18.0,5.4,0.0,fog
2021-12-16,26.0,19.0,5.0,0.0,fog
2021-12-17,25.0,17.0,14.0,0.0,fog
2021-12-18,22.0,14.0,12.2,0.0,sun
2021-12-19,22.0,14.0,7.5,0.0,sun
2021-12-20,22.0,16.0,10.9,0.0,sun
2021-12-21,23.0,15.0,7.2,0.0,fog
2021-12-22,25.0,14.0,7.1,0.0,fog
2021-12-23,24.0,16.0,8.0,0.0,fog
2021-12-24,23.0,18.0,5.8,0.0,fog
2021-12-25,23.0,18.0,7.2,0.0,fog
2021-12-26,19.0,13.0,16.0,0.0,fog
2021-12-27,14.0,11.0,13.3,0.0,sun
2021-12-28,17.0,11.0,5.8,0.0,sun
2021-12-29,16.0,14.0,12.7,0.0,drizzle
2021-12-30,19.0,13.0,10.8,0.0,drizzle
2021-12-31,17.0,14.0,7.1,0.2,drizzle
2022-01-01,17.0,15.0,9.9,0.0,sun
2022-01-02,22.0,13.0,5.7,0.0,fog
2022-01-03,20.0,13.0,3.6,0.0,fog
2022-01-04,24.0,17.0,9.0,0.0,fog
2022-01-05,24.0,18.0,8.3,0.0,fog
2022-01-06,25.0,19.0,9.7,0.0,fog
2022-01-07,24.0,19.0,14.6,0.0,fog
2022-01-08,22.0,14.0,14.7,0.0,drizzle
2022-01-09,15.0,13.0,10.2,1.0,rain
2022-01-10,17.0,13.0,11.6,0.2,drizzle
2022-01-11,20.0,15.0,8.2,1.0,fog
2022-01-12,18.0,15.0,8.6,0.0,fog
2022-01-13,17.0,15.0,9.2,0.1,drizzle
2022-01-14,18.0,15.0,5.2,0.0,fog
2022-01-15,21.0,16.0,5.0,0.0,fog
2022-01-16,24.0,13.0,12.8,0.1,rain
2022-01-17,16.0,14.0,9.9,11.5,rain
2022-01-18,21.0,13.0,7.7,0.0,fog
2022-01-19,22.0,14.0,7.5,0.0,rain
2022-01-20,17.0,15.0,8.5,1.3,fog
2022-01-21,17.0,16.0,5.1,3.5,fog
2022-01-22,21.0,16.0,5.8,2.5,fog
2022-01-23,24.0,18.0,6.1,0.2,fog
2022-01-24,26.0,20.0,11.0,0.0,fog
2022-01-25,22.0,19.0,13.4,0.0,drizzle
2022-01-26,23.0,19.0,13.1,0.2,rain
2022-01-27,26.0,20.0,15.9,0.0,fog
2022-01-28,26.0,20.0,17.5,0.0,fog
2022-01-29,20.0,13.0,20.0,0.5,rain
2022-01-30,14.0,11.0,12.6,0.1,drizzle
2022-01-31,14.0,12.0,12.3,1.0,rain
2022-02-01,14.0,11.0,12.4,0.0,sun
2022-02-02,14.0,11.0,12.4,0.0,sun
2022-02-03,16.0,12.0,8.8,0.0,sun
2022-02-04,18.0,14.0,8.3,0.0,sun
2022-02-05,17.0,12.0,7.8,0.8,rain
2022-02-06,14.0,12.0,7.6,8.5,rain
2022-02-07,20.0,14.0,6.1,0.2,drizzle
2022-02-08,16.0,13.0,15.1,0.6,drizzle
2022-02-09,14.0,12.0,14.5,0.9,drizzle
2022-02-10,15.0,12.0,7.0,0.3,drizzle
2022-02-11,18.0,14.0,6.9,0.6,drizzle
2022-02-12,16.0,13.0,12.5,2.5,drizzle
2022-02-13,15.0,13.0,12.5,3.5,other
2022-02-14,20.0,13.0,9.2,0.0,sun
2022-02-15,17.0,15.0,7.4,0.0,drizzle
2022-02-16,17.0,15.0,4.5,0.7,drizzle
2022-02-17,20.0,17.0,5.3,0.0,drizzle
2022-02-18,22.0,14.0,15.3,0.3,rain
2022-02-19,13.0,8.0,17.8,15.5,rain
2022-02-20,10.0,8.0,13.8,20.5,rain
2022-02-21,13.0,9.0,14.5,0.3,sun
2022-02-22,13.0,11.0,13.6,0.0,sun
2022-02-23,17.0,10.0,10.4,0.0,sun
2022-02-24,19.0,10.0,8.6,0.0,fog
2022-02-25,20.0,11.0,7.7,0.0,fog
2022-02-26,21.0,13.0,5.9,0.0,fog
2022-02-27,22.0,16.0,6.4,0.0,fog
2022-02-28,24.0,16.0,9.7,0.0,fog
2022-03-01,22.0,19.0,5.5,0.0,fog
2022-03-02,25.0,18.0,8.5,0.0,fog
2022-03-03,26.0,19.0,11.8,0.0,fog
2022-03-04,23.0,20.0,9.7,0.0,fog
2022-03-05,22.0,21.0,9.6,0.2,fog
2022-03-06,24.0,20.0,11.7,0.4,drizzle
2022-03-07,24.0,16.0,7.8,5.2,rain
2022-03-08,26.0,16.0,13.5,0.0,fog
2022-03-09,23.0,17.0,14.2,0.0,fog
2022-03-10,24.0,19.0,10.0,0.5,other
2022-03-11,24.0,20.0,9.7,0.0,fog
2022-03-12,25.0,21.0,14.5,0.0,fog
2022-03-13,25.0,21.0,12.7,0.0,fog
2022-03-14,25.0,21.0,8.2,0.0,fog
2022-03-15,28.0,22.0,7.8,0.0,fog
2022-03-16,26.0,22.0,12.8,1.0,fog
2022-03-17,25.0,22.0,10.2,0.0,fog
2022-03-18,28.0,22.0,11.4,0.1,fog
2022-03-19,26.0,22.0,13.8,0.0,fog
2022-03-20,28.0,24.0,17.1,0.0,fog
2022-03-21,28.0,24.0,13.9,0.0,fog
2022-03-22,30.0,19.0,14.9,0.0,fog
2022-03-23,20.0,16.0,14.1,4.5,other
2022-03-24,20.0,16.0,11.6,5.0,fog
2022-03-25,25.0,19.0,7.2,0.2,fog
2022-03-26,32.0,23.0,10.1,0.0,fog
2022-03-27,25.0,18.0,14.4,0.4,rain
2022-03-28,22.0,18.0,8.8,7.0,fog
2022-03-29,22.0,19.0,6.9,0.0,fog
2022-03-30,25.0,19.0,10.4,0.6,fog
2022-03-31,29.0,19.0,13.5,0.2,fog
2022-04-01,19.0,17.0,15.1,22.0,rain
2022-04-02,22.0,15.0,11.4,0.0,sun
2022-04-03,25.0,16.0,7.8,0.0,sun
2022-04-04,26.0,17.0,8.2,0.0,sun
2022-04-05,27.0,18.0,5.5,0.0,fog
2022-04-06,29.0,19.0,7.5,0.0,fog
2022-04-07,31.0,20.0,7.8,0.0,fog
2022-04-08,31.0,20.0,8.2,0.0,fog
2022-04-09,30.0,20.0,12.7,0.0,fog
2022-04-10,29.0,21.0,11.4,0.0,fog
2022-04-11,25.0,22.0,10.1,0.0,drizzle
2022-04-12,28.0,23.0,12.0,0.0,sun
2022-04-13,32.0,23.0,7.6,0.0,fog
2022-04-14,31.0,24.0,15.0,0.0,fog
2022-04-15,27.0,24.0,15.0,0.0,rain
2022-04-16,26.0,18.0,17.0,2.8,rain
2022-04-17,19.0,17.0,12.3,0.7,drizzle
2022-04-18,23.0,17.0,10.3,5.5,rain
2022-04-19,26.0,19.0,9.6,0.0,sun
2022-04-20,25.0,20.0,8.0,0.0,fog
2022-04-21,23.0,21.0,11.2,0.0,fog
2022-04-22,29.0,22.0,14.6,0.0,fog
2022-04-23,31.0,24.0,14.5,0.0,drizzle
2022-04-24,29.0,25.0,14.7,0.0,rain
2022-04-25,31.0,26.0,15.2,0.0,fog
2022-04-26,31.0,26.0,14.7,0.0,drizzle
2022-04-27,31.0,26.0,15.8,0.1,drizzle
2022-04-28,28.0,26.0,13.7,0.0,sun
2022-04-29,28.0,26.0,9.0,0.0,rain
2022-04-30,32.0,20.0,15.1,1.0,fog
2022-05-01,26.0,20.0,15.7,6.0,other
2022-05-02,27.0,19.0,7.9,0.0,sun
2022-05-03,30.0,19.0,8.2,0.0,sun
2022-05-04,30.0,21.0,8.4,0.0,sun
2022-05-05,30.0,23.0,10.2,0.0,fog
2022-05-06,29.0,24.0,7.3,0.0,rain
2022-05-07,30.0,24.0,11.6,0.5,rain
2022-05-08,29.0,24.0,17.5,1.6,rain
2022-05-09,32.0,25.0,16.4,2.0,fog
2022-05-10,33.0,26.0,11.5,3.0,rain
2022-05-11,32.0,26.0,11.3,0.0,fog
2022-05-12,31.0,24.0,9.6,18.8,rain
2022-05-13,30.0,23.0,15.3,0.0,other
2022-05-14,26.0,23.0,8.5,1.6,fog
2022-05-15,27.0,22.0,12.8,2.5,other
2022-05-16,26.0,20.0,8.2,0.0,sun
2022-05-17,28.0,22.0,8.5,0.0,sun
2022-05-18,29.0,23.0,11.0,0.0,sun
2022-05-19,29.0,24.0,11.0,0.0,fog
2022-05-20,30.0,24.0,9.2,0.0,fog
2022-05-21,27.0,23.0,12.0,0.1,rain
2022-05-22,25.0,23.0,11.5,24.5,rain
2022-05-23,27.0,23.0,9.5,72.0,rain
2022-05-24,25.0,23.0,6.1,24.0,fog
2022-05-25,30.0,25.0,9.2,0.0,fog
2022-05-26,33.0,25.0,10.3,0.0,fog
2022-05-27,32.0,24.0,10.2,7.0,rain
2022-05-28,33.0,26.0,13.9,17.0,fog
2022-05-29,34.0,26.0,11.0,10.0,fog
2022-05-30,32.0,24.0,9.4,0.0,other
2022-05-31,31.0,25.0,9.9,29.6,fog
2022-06-01,34.0,25.0,9.8,25.0,fog
2022-06-02,34.0,26.0,10.8,4.0,other
2022-06-03,37.0,27.0,10.1,0.0,sun
2022-06-04,38.0,27.0,9.1,0.0,sun
2022-06-05,34.0,27.0,11.0,0.0,other
2022-06-06,30.0,25.0,6.0,5.0,rain
2022-06-07,31.0,26.0,7.6,6.0,fog
2022-06-08,31.0,26.0,8.0,7.0,other
2022-06-09,33.0,27.0,8.0,0.0,fog
2022-06-10,33.0,26.0,8.2,0.0,rain
2022-06-11,29.0,27.0,6.6,0.3,rain
2022-06-12,34.0,27.0,7.7,0.1,fog
2022-06-13,35.0,25.0,9.5,0.0,rain
2022-06-14,30.0,26.0,9.5,28.6,rain
2022-06-15,31.0,25.0,8.6,20.0,rain
2022-06-16,35.0,26.0,8.7,2.0,other
2022-06-17,35.0,27.0,8.7,0.0,sun
2022-06-18,36.0,28.0,10.4,0.0,sun
2022-06-19,38.0,29.0,9.3,0.0,sun
2022-06-20,38.0,28.0,11.7,0.0,sun
2022-06-21,39.0,27.0,14.1,0.0,other
2022-06-22,36.0,24.0,14.1,0.0,other
2022-06-23,33.0,25.0,9.4,3.0,other
2022-06-24,34.0,27.0,13.4,0.0,sun
2022-06-25,35.0,27.0,13.7,0.0,sun
2022-06-26,34.0,28.0,13.2,1.0,other
2022-06-27,37.0,28.0,11.8,0.0,sun
2022-06-28,36.0,29.0,10.0,0.0,sun
2022-06-29,33.0,23.0,7.0,0.3,other
2022-06-30,32.0,26.0,7.3,51.0,rain
2022-07-01,33.0,27.0,9.7,0.0,other
2022-07-02,36.0,26.0,13.6,0.0,rain
2022-07-03,37.0,28.0,7.8,1.4,other
2022-07-04,36.0,29.0,8.7,0.0,other
2022-07-05,36.0,24.0,8.9,85.0,rain
2022-07-06,31.0,26.0,8.8,8.0,other
2022-07-07,32.0,25.0,10.8,24.0,rain
2022-07-08,30.0,25.0,7.4,3.0,other
2022-07-09,30.0,26.0,8.5,0.6,other
2022-07-10,34.0,27.0,5.8,0.2,rain
2022-07-11,34.0,28.0,8.8,1.0,other
2022-07-12,33.0,27.0,8.9,2.0,other
2022-07-13,33.0,27.0,7.0,17.0,other
2022-07-14,34.0,25.0,10.4,3.8,other
2022-07-15,33.0,26.0,8.7,34.0,rain
2022-07-16,35.0,29.0,13.8,0.0,sun
2022-07-17,36.0,29.0,12.9,0.0,sun
2022-07-18,37.0,26.0,12.5,5.0,other
2022-07-19,35.0,26.0,10.4,49.0,rain
2022-07-20,32.0,27.0,8.5,13.5,other
2022-07-21,31.0,25.0,12.8,12.0,rain
2022-07-22,33.0,25.0,8.2,8.0,other
2022-07-23,34.0,27.0,8.9,0.0,sun
2022-07-24,35.0,26.0,11.5,0.0,fog
2022-07-25,35.0,26.0,10.2,0.0,sun
2022-07-26,36.0,27.0,11.9,0.0,sun
2022-07-27,35.0,27.0,11.9,0.0,sun
2022-07-28,34.0,27.0,10.8,0.0,sun
2022-07-29,35.0,28.0,11.0,0.0,other
2022-07-30,34.0,25.0,6.2,26.0,other
2022-07-31,34.0,26.0,11.1,2.0,other
2022-08-01,34.0,26.0,9.5,0.0,rain
2022-08-02,34.0,27.0,9.8,3.0,fog
2022-08-03,36.0,28.0,8.3,0.0,sun
2022-08-04,35.0,25.0,9.2,0.4,other
2022-08-05,32.0,25.0,11.1,0.9,rain
2022-08-06,29.0,26.0,9.8,7.1,rain
2022-08-07,31.0,26.0,9.4,4.5,fog
2022-08-08,35.0,25.0,6.8,1.0,fog
2022-08-09,35.0,26.0,5.7,0.4,other
2022-08-10,32.0,25.0,11.6,5.0,rain
2022-08-11,29.0,23.0,13.1,77.0,rain
2022-08-12,26.0,24.0,6.7,46.5,rain
2022-08-13,31.0,25.0,8.3,0.0,fog
2022-08-14,33.0,25.0,8.3,0.0,other
2022-08-15,34.0,27.0,9.5,0.0,sun
2022-08-16,35.0,27.0,9.0,0.0,sun
2022-08-17,34.0,27.0,9.2,0.0,other
2022-08-18,35.0,28.0,9.0,0.0,sun
2022-08-19,35.0,25.0,8.0,0.0,rain
2022-08-20,31.0,24.0,8.0,9.0,rain
2022-08-21,30.0,25.0,13.5,23.0,rain
2022-08-22,34.0,27.0,9.2,3.0,fog
2022-08-23,34.0,27.0,8.7,0.0,other
2022-08-24,35.0,28.0,5.0,0.0,sun
2022-08-25,31.0,24.0,14.4,31.0,rain
2022-08-26,32.0,26.0,15.3,22.0,other
2022-08-27,34.0,26.0,11.3,0.0,other
2022-08-28,35.0,27.0,12.0,0.0,sun
2022-08-29,36.0,27.0,12.8,0.0,fog
2022-08-30,35.0,27.0,10.1,0.0,fog
2022-08-31,34.0,28.0,8.3,0.0,sun
2022-09-01,31.0,25.0,9.6,11.0,rain
2022-09-02,35.0,27.0,6.0,0.0,sun
2022-09-03,34.0,27.0,9.4,0.0,fog
2022-09-04,30.0,25.0,11.2,2.0,other
2022-09-05,34.0,25.0,6.7,0.0,sun
2022-09-06,36.0,26.0,6.3,0.0,sun
2022-09-07,35.0,25.0,7.8,2.0,rain
2022-09-08,31.0,25.0,11.2,50.5,rain
2022-09-09,30.0,25.0,5.7,11.0,rain
2022-09-10,32.0,26.0,6.1,9.4,other
2022-09-11,32.0,26.0,8.3,0.0,fog
2022-09-12,33.0,26.0,7.8,0.0,fog
2022-09-13,33.0,26.0,6.3,0.0,fog
2022-09-14,35.0,26.0,5.5,0.0,fog
2022-09-15,35.0,27.0,11.0,1.0,fog
2022-09-16,31.0,26.0,9.5,0.1,other
2022-09-17,32.0,25.0,8.2,0.4,other
2022-09-18,34.0,26.0,7.2,0.0,fog
2022-09-19,35.0,27.0,7.5,0.0,fog
2022-09-20,34.0,25.0,7.5,26.0,other
2022-09-21,31.0,24.0,7.2,2.0,other
2022-09-22,32.0,25.0,8.0,12.6,other
2022-09-23,33.0,23.0,9.1,18.0,rain
2022-09-24,29.0,25.0,10.0,4.5,rain
2022-09-25,28.0,24.0,8.8,9.1,rain
2022-09-26,33.0,24.0,6.1,0.0,fog
2022-09-27,34.0,26.0,7.9,0.0,fog
2022-09-28,30.0,25.0,7.4,0.0,rain
2022-09-29,29.0,24.0,7.7,0.6,rain
2022-09-30,31.0,25.0,9.0,0.0,rain
2022-10-01,29.0,25.0,13.0,0.0,fog
2022-10-02,30.0,25.0,9.4,0.0,sun
2022-10-03,32.0,25.0,7.2,0.0,fog
2022-10-04,33.0,24.0,5.7,0.0,fog
2022-10-05,33.0,24.0,6.8,0.0,fog
2022-10-06,33.0,24.0,6.9,4.0,other
2022-10-07,30.0,24.0,6.3,1.0,fog
2022-10-08,30.0,25.0,9.9,0.0,rain
2022-10-09,27.0,23.0,17.9,0.3,rain
2022-10-10,27.0,19.0,9.1,0.2,sun
2022-10-11,29.2,20.0,7.0,0.0,sun
2022-10-12,30.0,22.0,7.5,0.0,sun
2022-10-13,30.0,19.0,6.1,0.0,sun
2022-10-14,31.0,20.0,7.7,0.0,sun
2022-10-15,31.0,19.0,8.2,0.0,sun
2022-10-16,32.0,20.0,12.1,0.0,sun
2022-10-17,32.0,23.0,12.8,0.0,sun
2022-10-18,30.0,20.0,11.2,0.0,fog
2022-10-19,26.0,16.0,12.0,0.0,rain
2022-10-20,19.0,17.0,7.5,9.5,rain
2022-10-21,22.0,19.0,8.0,2.5,other
2022-10-22,32.0,20.0,5.4,0.0,fog
2022-10-23,33.0,23.0,5.3,0.0,sun
2022-10-24,33.0,24.0,7.7,0.0,fog
2022-10-25,28.0,23.0,8.3,0.1,fog
2022-10-26,28.0,23.0,6.3,0.0,fog
2022-10-27,29.0,24.0,6.7,0.0,sun
2022-10-28,31.0,24.0,7.0,0.0,fog
2022-10-29,30.0,21.0,7.6,0.5,fog
2022-10-30,30.0,22.0,8.6,0.0,fog
2022-10-31,30.0,21.0,11.5,0.0,sun
2022-11-01,30.0,17.0,9.2,0.0,sun
2022-11-02,29.0,17.0,6.5,0.0,sun
2022-11-03,30.0,18.0,6.9,0.0,sun
2022-11-04,30.0,20.0,6.3,0.0,fog
2022-11-05,29.0,20.0,8.6,0.0,fog
2022-11-06,28.0,19.0,6.9,0.0,fog
2022-11-07,28.0,20.0,7.0,0.0,fog
2022-11-08,29.0,19.0,5.8,0.0,fog
2022-11-09,29.0,20.0,6.5,0.0,fog
2022-11-10,27.0,23.0,5.9,0.0,fog
2022-11-11,30.0,23.0,10.5,0.0,fog
2022-11-12,30.0,22.0,9.2,0.0,fog
2022-11-13,28.0,22.0,5.7,0.1,fog
2022-11-14,29.0,23.0,6.2,0.0,fog
2022-11-15,29.0,24.0,9.9,0.0,fog
2022-11-16,31.0,24.0,12.4,0.1,other
2022-11-17,31.0,24.0,15.8,0.0,fog
2022-11-18,31.0,25.0,12.8,0.0,fog
2022-11-19,29.0,23.0,10.2,0.6,other
2022-11-20,29.0,22.0,7.9,0.0,sun
2022-11-21,30.0,22.0,6.6,0.0,fog
2022-11-22,28.0,23.0,5.6,0.0,fog
2022-11-23,29.0,22.0,9.3,0.0,rain
2022-11-24,23.0,21.0,7.9,2.5,rain
2022-11-25,25.0,22.0,6.8,0.6,rain
2022-11-26,25.0,22.0,13.2,0.6,drizzle
2022-11-27,31.0,24.0,15.4,0.0,fog
2022-11-28,32.0,25.0,14.1,0.0,fog
2022-11-29,32.0,26.0,13.0,0.0,fog
2022-11-30,31.0,16.0,22.1,0.1,rain
2022-12-01,15.0,13.0,18.0,1.0,other
2022-12-02,18.0,13.0,10.4,0.0,sun
2022-12-03,20.0,15.0,8.4,0.0,sun
2022-12-04,19.0,15.0,15.4,0.0,drizzle
2022-12-05,20.0,14.0,10.9,0.1,other
2022-12-06,19.0,15.0,8.9,0.0,sun
2022-12-07,17.0,15.0,10.1,0.0,sun
2022-12-08,17.0,16.0,9.7,0.0,sun
2022-12-09,17.0,15.0,10.0,0.0,drizzle
2022-12-10,18.0,15.0,7.5,0.6,drizzle
2022-12-11,21.0,17.0,7.1,0.1,sun
2022-12-12,22.0,14.0,9.1,0.0,fog
2022-12-13,23.0,13.0,7.9,0.0,fog
2022-12-14,22.0,11.0,9.3,0.0,sun
2022-12-15,22.0,12.0,8.3,0.0,fog
2022-12-16,24.0,13.0,9.5,0.0,fog
2022-12-17,21.0,15.0,17.8,0.0,sun
2022-12-18,20.0,9.0,9.9,0.0,sun
2022-12-19,20.0,9.0,7.0,0.0,fog
2022-12-20,22.0,10.0,8.0,0.0,fog
2022-12-21,23.0,13.0,7.4,0.0,fog
2022-12-22,23.0,12.0,6.6,0.0,fog
2022-12-23,24.0,15.0,9.8,0.0,sun
2022-12-24,24.0,14.0,7.0,0.0,fog
2022-12-25,23.0,13.0,10.1,0.0,fog
2022-12-26,20.0,14.0,6.0,0.0,fog
2022-12-27,21.0,17.0,9.5,0.0,fog
2022-12-28,18.0,12.0,16.2,5.0,other
2022-12-29,15.0,13.0,11.5,0.1,sun
2022-12-30,16.0,13.0,8.2,0.0,sun
2022-12-31,17.0,12.0,6.8,0.0,sun
2023-01-01,21.0,11.0,6.0,0.0,fog
2023-01-02,21.0,15.0,10.7,0.0,rain
2023-01-03,21.0,15.0,7.5,0.0,other
2023-01-04,21.0,16.0,9.5,0.0,fog
2023-01-05,21.0,17.0,7.6,0.0,fog
2023-01-06,25.0,13.0,15.1,0.0,sun
2023-01-07,22.0,13.0,5.5,0.0,fog
2023-01-08,23.0,16.0,7.2,0.0,fog
2023-01-09,23.0,18.0,7.1,0.0,fog
2023-01-10,23.0,18.0,7.0,0.8,rain
2023-01-11,21.0,18.0,7.1,5.0,fog
2023-01-12,24.0,19.0,11.3,0.0,fog
2023-01-13,29.0,19.0,10.5,0.0,fog
2023-01-14,32.0,19.0,9.2,0.0,fog
2023-01-15,22.0,13.0,20.9,0.0,fog
2023-01-16,15.0,12.0,13.6,0.0,sun
2023-01-17,14.0,12.0,11.2,0.0,sun
2023-01-18,17.0,13.0,7.7,0.0,sun
2023-01-19,17.0,14.0,7.8,0.0,sun
2023-01-20,18.0,12.0,6.8,0.0,fog
2023-01-21,23.0,13.0,8.3,0.0,fog
2023-01-22,21.0,16.0,5.1,0.0,fog
2023-01-23,23.0,16.0,14.8,0.0,fog
2023-01-24,20.0,7.0,13.4,0.0,sun
2023-01-25,19.0,7.0,11.5,0.0,fog
2023-01-26,18.0,13.0,8.5,0.0,drizzle
2023-01-27,17.0,13.0,13.1,4.0,other
2023-01-28,19.0,9.0,7.9,0.0,sun
2023-01-29,21.0,9.0,7.1,0.0,fog
2023-01-30,22.0,9.0,8.0,0.0,fog
2023-01-31,23.0,10.0,11.7,0.0,fog
2023-02-01,22.0,15.0,8.2,0.0,fog
2023-02-02,23.0,19.4,5.6,0.0,fog
2023-02-03,22.0,19.0,9.5,2.5,drizzle
2023-02-04,22.0,19.0,11.2,1.0,drizzle
2023-02-05,23.0,20.0,12.2,2.5,other
2023-02-06,21.0,20.0,12.2,0.0,drizzle
2023-02-07,22.0,20.0,9.5,0.7,drizzle
2023-02-08,22.0,21.0,12.4,1.2,drizzle
2023-02-09,24.0,21.0,11.3,0.4,fog
2023-02-10,24.0,22.0,14.5,0.2,fog
2023-02-11,25.0,22.0,17.1,0.0,fog
2023-02-12,27.0,22.0,14.5,0.0,fog
2023-02-13,29.0,18.0,13.7,0.1,fog
2023-02-14,20.0,17.0,14.0,1.0,rain
2023-02-15,17.0,16.0,7.9,0.0,sun
2023-02-16,18.0,16.0,6.6,0.0,sun
2023-02-17,20.0,16.0,6.8,0.0,fog
2023-02-18,23.0,17.0,7.3,0.0,fog
2023-02-19,23.0,19.0,10.6,1.0,fog
2023-02-20,24.0,18.0,6.5,0.0,sun
2023-02-21,24.0,19.0,8.9,0.0,fog
2023-02-22,23.0,18.0,9.5,0.0,fog
2023-02-23,23.0,18.0,10.2,0.0,fog
2023-02-24,21.0,16.0,13.3,0.5,other
2023-02-25,25.0,13.0,10.3,0.0,sun
2023-02-26,23.0,12.0,8.5,0.0,fog
2023-02-27,23.0,12.0,7.6,0.0,fog
2023-02-28,24.0,14.0,9.2,0.0,fog
2023-03-01,21.0,17.0,5.8,0.0,fog
2023-03-02,27.0,17.0,9.5,0.0,fog
2023-03-03,24.0,19.0,10.0,0.0,fog
2023-03-04,23.0,16.0,9.0,0.0,fog
2023-03-05,26.0,16.0,9.0,0.0,fog
2023-03-06,26.0,18.0,14.8,0.0,fog
2023-03-07,26.0,20.0,14.9,0.0,sun
2023-03-08,24.0,19.0,8.2,0.0,fog
2023-03-09,29.0,19.0,10.2,0.0,fog
2023-03-10,29.0,20.0,15.8,0.0,fog
2023-03-11,22.0,21.0,6.4,0.0,fog
2023-03-12,27.0,17.0,12.8,0.1,fog
2023-03-13,21.0,16.0,8.4,0.0,rain
2023-03-14,26.0,16.0,12.1,0.0,fog
2023-03-15,24.2,20.0,8.4,0.1,rain
2023-03-16,28.0,21.0,14.3,0.2,other
2023-03-17,26.0,22.0,13.5,0.0,fog
2023-03-18,25.0,22.0,14.2,0.0,fog
2023-03-19,27.0,22.0,15.0,0.0,fog
2023-03-20,28.0,23.0,14.6,0.0,drizzle
2023-03-21,29.0,24.0,11.4,0.1,fog
2023-03-22,34.0,24.0,13.7,0.0,fog
2023-03-23,32.0,25.0,10.7,0.0,fog
2023-03-24,30.0,25.0,14.8,0.0,other
2023-03-25,27.0,20.0,15.9,1.1,rain
2023-03-26,20.0,17.0,14.3,1.1,other
2023-03-27,21.0,17.0,9.7,0.5,other
2023-03-28,19.0,16.0,10.4,0.0,rain
2023-03-29,22.0,17.0,10.0,1.0,other
2023-03-30,22.0,18.0,6.0,0.3,drizzle
2023-03-31,22.0,19.0,5.1,0.6,drizzle
2023-04-01,22.0,21.0,5.4,0.6,drizzle
2023-04-02,26.6,22.0,10.5,0.4,drizzle
2023-04-03,30.0,24.0,13.9,0.1,fog
2023-04-04,30.0,25.0,11.9,0.0,fog
2023-04-05,32.0,25.0,12.5,0.0,fog
2023-04-06,32.0,24.0,13.8,0.0,other
2023-04-07,25.0,22.0,8.9,0.0,drizzle
2023-04-08,22.0,18.0,11.1,0.0,other
2023-04-09,20.0,18.0,8.2,0.0,drizzle
2023-04-10,22.0,19.0,5.0,0.4,drizzle
2023-04-11,26.0,21.0,7.4,1.0,drizzle
2023-04-12,26.0,23.0,8.8,2.2,fog
2023-04-13,25.0,23.7,12.1,1.5,drizzle
2023-04-14,25.0,24.0,9.4,2.0,drizzle
2023-04-15,30.0,22.0,7.2,4.5,fog
2023-04-16,30.0,23.0,9.2,0.0,fog
2023-04-17,28.0,24.0,14.4,0.0,drizzle
2023-04-18,30.0,25.0,12.7,0.0,drizzle
2023-04-19,32.0,25.0,9.2,0.0,fog
2023-04-20,31.0,26.0,9.4,0.0,fog
2023-04-21,32.0,26.0,10.9,0.0,fog
2023-04-22,31.0,26.0,15.2,0.0,fog
2023-04-23,31.0,26.0,14.1,0.0,fog
2023-04-24,33.0,25.0,15.2,0.0,sun
2023-04-25,24.0,18.0,11.7,2.0,other
2023-04-26,26.0,21.0,6.8,0.0,fog
2023-04-27,31.0,22.0,15.2,0.0,fog
2023-04-28,30.0,25.0,14.7,0.0,fog
2023-04-29,29.0,21.0,11.8,27.0,rain
2023-04-30,25.0,22.0,6.7,0.5,rain
2023-05-01,30.0,22.0,11.8,0.0,fog
2023-05-02,31.0,23.0,14.2,0.0,fog
2023-05-03,32.0,26.0,17.6,0.0,sun
2023-05-04,34.0,27.0,16.0,0.0,sun
2023-05-05,36.0,27.0,13.8,0.0,sun
2023-05-06,39.0,28.0,11.6,0.0,sun
2023-05-07,36.0,23.0,15.5,0.0,rain
2023-05-08,27.0,21.0,13.6,13.0,rain
2023-05-09,26.0,22.0,9.8,6.0,fog
2023-05-10,30.0,24.0,11.2,0.3,fog
2023-05-11,33.0,24.0,12.9,0.0,fog
2023-05-12,29.0,22.0,12.9,0.0,sun
2023-05-13,25.0,22.0,10.8,0.0,other
2023-05-14,26.0,20.0,6.5,0.1,rain
2023-05-15,32.0,24.0,13.0,0.0,fog
2023-05-16,36.0,26.0,10.9,0.2,fog
2023-05-17,39.0,27.0,9.1,0.0,fog
2023-05-18,39.0,27.0,10.4,0.0,sun
2023-05-19,36.0,27.0,14.7,0.0,sun
2023-05-20,36.0,28.0,14.7,0.1,other
2023-05-21,36.0,28.0,15.2,0.0,sun
2023-05-22,38.0,29.0,13.8,0.0,sun
2023-05-23,35.0,24.0,14.8,0.1,other
2023-05-24,33.0,24.0,11.6,4.0,rain
2023-05-25,32.0,25.0,11.0,3.5,rain
2023-05-26,32.0,26.0,12.6,5.0,fog
2023-05-27,33.0,27.0,15.2,0.0,fog
2023-05-28,34.0,27.0,12.2,0.1,other
2023-05-29,35.0,27.0,10.4,0.0,fog
2023-05-30,36.0,27.0,9.5,0.0,fog
2023-05-31,37.0,28.0,12.2,0.0,sun
2023-06-01,37.0,28.0,13.5,0.0,sun
2023-06-02,38.0,26.0,12.1,0.0,other
2023-06-03,37.0,27.0,10.8,2.0,other
2023-06-04,36.0,26.0,11.7,3.0,other
2023-06-05,34.0,28.0,7.2,0.0,fog
2023-06-06,34.0,27.0,8.3,9.0,other
2023-06-07,36.0,27.0,10.3,0.0,fog
2023-06-08,35.0,25.0,11.0,8.0,rain
2023-06-09,33.0,26.0,10.5,52.0,fog
2023-06-10,36.0,28.0,8.5,0.0,fog
2023-06-11,37.0,28.0,9.4,0.0,sun
2023-06-12,34.0,27.0,11.2,0.7,other
2023-06-13,34.0,25.0,9.4,0.2,rain
2023-06-14,30.0,26.0,6.0,27.0,other
2023-06-15,34.0,27.0,9.2,0.0,fog
2023-06-16,35.0,28.0,12.8,0.0,fog
2023-06-17,36.0,24.0,11.1,0.0,other
2023-06-18,33.0,26.0,10.3,19.5,other
2023-06-19,31.0,27.0,8.9,0.0,fog
2023-06-20,36.0,24.0,11.8,7.0,rain
2023-06-21,33.0,26.0,9.3,9.5,other
2023-06-22,33.0,25.0,9.1,18.0,other
2023-06-23,30.0,25.0,7.4,0.6,other
2023-06-24,28.0,25.0,6.4,20.5,rain
2023-06-25,28.0,25.0,7.1,15.5,rain
2023-06-26,30.0,26.0,11.9,7.0,rain
2023-06-27,30.0,26.0,14.3,0.1,rain
2023-06-28,34.0,26.0,13.9,3.2,other
2023-06-29,36.0,29.0,15.0,0.0,sun
2023-06-30,36.0,27.0,15.0,0.0,rain
2023-07-01,37.0,29.0,12.5,0.4,other
2023-07-02,36.0,28.0,11.6,0.1,other
2023-07-03,34.0,27.0,11.5,2.0,other
2023-07-04,35.0,27.0,11.0,0.0,sun
2023-07-05,35.0,26.0,8.5,3.0,other
2023-07-06,36.0,28.0,13.1,0.2,sun
2023-07-07,37.0,29.0,16.0,0.0,sun
2023-07-08,34.0,25.0,13.3,0.1,other
2023-07-09,34.0,27.0,9.9,0.0,other
2023-07-10,36.0,28.0,13.2,16.0,other
2023-07-11,37.0,27.0,11.3,6.0,other
2023-07-12,37.0,25.0,11.8,0.0,rain
2023-07-13,36.0,26.0,11.0,1.0,sun
2023-07-14,34.0,27.0,9.9,0.0,rain
2023-07-15,34.0,28.0,11.2,0.0,sun
2023-07-16,36.0,29.0,9.3,0.0,sun
2023-07-17,38.0,29.0,10.6,0.0,other
2023-07-18,31.0,24.0,15.0,1.6,rain
2023-07-19,29.0,25.0,6.0,7.0,other
2023-07-20,29.0,26.0,6.8,3.7,other
2023-07-21,33.0,27.0,6.3,0.0,fog
2023-07-22,36.0,27.0,10.4,0.0,sun
2023-07-23,36.0,27.0,10.5,0.0,sun
2023-07-24,36.0,28.0,10.2,0.0,sun
2023-07-25,37.0,27.0,9.7,0.0,sun
2023-07-26,37.0,28.0,9.8,0.0,sun
2023-07-27,37.0,29.0,7.1,0.1,other
2023-07-28,31.0,27.0,9.8,0.1,other
2023-07-29,36.0,28.0,6.6,3.0,other
2023-07-30,34.0,27.0,9.6,12.0,other
2023-07-31,34.0,25.0,9.2,36.2,rain
2023-08-01,33.0,26.0,6.7,1.5,rain
2023-08-02,33.0,27.0,8.3,2.3,other
2023-08-03,34.0,27.0,8.1,13.0,rain
2023-08-04,27.0,25.0,8.7,13.0,rain
2023-08-05,30.0,26.0,6.6,28.5,other
2023-08-06,31.0,26.0,6.0,0.0,rain
2023-08-07,31.0,27.0,6.3,0.0,sun
2023-08-08,34.0,27.0,8.2,0.0,sun
2023-08-09,35.0,28.0,7.1,0.0,rain
2023-08-10,32.0,27.0,5.7,5.0,other
2023-08-11,32.0,26.0,7.6,40.1,fog
2023-08-12,34.0,26.0,6.2,6.0,fog
2023-08-13,34.0,27.0,8.7,0.0,fog
2023-08-14,35.0,23.0,9.0,0.0,other
2023-08-15,33.0,26.0,7.3,11.0,fog
2023-08-16,33.0,27.0,8.7,0.4,fog
2023-08-17,36.0,28.0,8.3,0.0,sun
2023-08-18,33.0,28.0,7.1,0.0,rain
2023-08-19,31.0,27.0,7.1,0.4,fog
2023-08-20,29.0,24.0,8.3,46.0,fog
2023-08-21,33.0,26.0,8.8,0.0,fog
2023-08-22,34.0,28.0,8.0,0.0,fog
2023-08-23,36.0,25.0,9.1,0.0,fog
2023-08-24,33.0,25.0,8.0,6.0,rain
2023-08-25,33.0,24.0,9.1,0.4,other
2023-08-26,34.0,26.0,8.5,2.0,other
2023-08-27,34.0,24.0,9.9,9.0,rain
2023-08-28,31.0,25.0,8.8,6.6,other
2023-08-29,31.0,26.0,8.6,0.0,sun
2023-08-30,34.0,25.0,7.5,0.0,sun
2023-08-31,34.0,25.0,9.0,0.0,sun
2023-09-01,35.0,27.0,9.2,0.0,sun
2023-09-02,36.0,28.0,7.5,0.0,sun
2023-09-03,31.0,23.0,9.9,0.0,rain
2023-09-04,28.0,23.0,8.3,7.0,other
2023-09-05,35.0,26.2,7.3,0.0,sun
2023-09-06,36.0,27.0,7.2,0.0,sun
2023-09-07,36.0,25.0,9.0,0.0,rain
2023-09-08,34.0,26.0,8.5,18.2,other
2023-09-09,33.0,27.0,6.5,0.3,other
2023-09-10,33.0,25.0,7.2,7.5,other
2023-09-11,34.0,26.0,7.9,0.0,fog
2023-09-12,30.0,25.0,7.4,0.0,fog
2023-09-13,28.0,24.0,12.0,5.6,rain
2023-09-14,25.0,24.0,7.5,33.0,rain
2023-09-15,28.0,24.0,7.3,1.7,rain
2023-09-16,31.0,25.0,6.0,0.0,fog
2023-09-17,33.0,26.0,7.0,4.8,other
2023-09-18,32.0,26.0,7.9,3.0,fog
2023-09-19,34.0,27.0,11.7,0.0,fog
2023-09-20,34.0,27.0,12.3,0.0,fog
2023-09-21,35.0,27.0,11.4,0.0,sun
2023-09-22,35.0,27.0,10.2,0.0,sun
2023-09-23,35.0,26.0,10.3,0.0,sun
2023-09-24,34.0,26.0,8.0,0.0,fog
2023-09-25,35.0,25.0,6.5,21.0,other
2023-09-26,30.0,26.0,12.3,9.0,rain
2023-09-27,30.0,25.0,11.8,7.0,rain
2023-09-28,25.0,23.0,6.9,87.0,rain
2023-09-29,32.0,25.0,5.0,0.3,other
2023-09-30,33.0,26.0,6.4,0.0,other
2023-10-01,34.0,26.0,8.6,0.0,fog
2023-10-02,34.0,26.0,6.9,0.0,fog
2023-10-03,33.0,26.0,7.0,0.0,fog
2023-10-04,34.0,27.0,9.0,0.0,fog
2023-10-05,35.0,27.0,8.8,0.0,fog
2023-10-06,35.0,28.0,11.9,0.0,fog
2023-10-07,27.0,24.0,13.8,1.0,rain
2023-10-08,31.0,24.0,10.8,0.0,sun
2023-10-09,31.0,25.0,10.9,0.0,sun
2023-10-10,30.0,24.0,12.5,0.0,other
2023-10-11,29.0,23.0,9.9,0.0,sun
2023-10-12,25.0,23.0,10.1,0.1,rain
2023-10-13,29.0,24.0,7.0,0.0,sun
2023-10-14,29.0,23.0,13.2,0.0,sun
2023-10-15,30.0,22.0,9.0,0.0,sun
2023-10-16,32.0,22.0,7.0,0.0,sun
2023-10-17,32.0,22.0,5.8,0.0,sun
2023-10-18,33.0,23.0,6.5,0.0,sun
2023-10-19,33.0,24.0,10.6,0.0,sun
2023-10-20,31.0,25.0,13.9,0.0,sun
2023-10-21,29.0,23.0,11.2,0.0,sun
2023-10-22,28.0,23.0,8.8,0.0,sun
2023-10-23,28.0,23.0,6.8,0.0,sun
2023-10-24,31.0,24.0,6.6,0.1,other
2023-10-25,32.0,25.0,5.6,0.7,fog
2023-10-26,34.0,23.0,8.0,0.0,sun
2023-10-27,32.0,25.0,6.6,0.0,other
2023-10-28,27.0,23.0,11.0,1.1,other
2023-10-29,26.0,23.0,10.5,2.1,rain
2023-10-30,29.0,21.0,7.3,14.0,sun
2023-10-31,30.0,22.0,6.6,0.0,sun
2023-11-01,31.0,22.0,6.5,0.0,fog
2023-11-02,31.0,22.0,8.8,0.0,fog
2023-11-03,31.0,24.0,11.8,0.0,fog
2023-11-04,32.0,25.0,13.0,0.0,fog
2023-11-05,32.0,25.0,12.8,0.0,fog
2023-11-06,30.0,22.0,12.0,0.7,rain
2023-11-07,25.0,22.0,5.9,11.5,other
2023-11-08,31.0,23.0,8.0,0.0,sun
2023-11-09,31.0,24.0,8.3,0.0,fog
2023-11-10,33.0,25.0,10.6,0.0,fog
2023-11-11,33.0,25.0,9.3,0.0,fog
2023-11-12,32.0,20.0,15.3,30.0,other
2023-11-13,19.0,16.0,16.8,4.5,rain
2023-11-14,21.0,17.0,8.9,0.0,sun
2023-11-15,22.0,18.0,9.0,0.0,drizzle
2023-11-16,23.0,16.0,13.3,0.3,other
2023-11-17,26.0,13.0,7.2,0.0,sun
2023-11-18,26.0,14.0,4.6,0.0,sun
2023-11-19,26.0,16.0,6.1,0.0,sun
2023-11-20,27.0,16.0,7.2,0.0,fog
2023-11-21,27.0,16.0,8.1,0.0,fog
2023-11-22,24.0,19.0,5.9,0.0,fog
2023-11-23,28.0,20.0,6.0,0.0,fog
2023-11-24,27.0,21.0,5.6,0.0,fog
2023-11-25,28.0,19.0,6.9,0.0,fog
2023-11-26,29.0,19.0,7.0,0.0,fog
2023-11-27,29.0,19.0,5.2,0.0,fog
2023-11-28,28.0,19.0,6.9,0.0,fog
2023-11-29,27.0,19.0,4.9,0.0,fog
2023-11-30,27.0,20.0,8.3,0.0,rain
2023-12-01,19.0,16.0,14.7,10.0,rain
2023-12-02,18.0,16.0,9.5,0.0,rain
2023-12-03,19.0,17.0,8.8,0.0,fog
2023-12-04,20.0,17.0,9.2,0.0,rain
2023-12-05,19.0,18.0,8.4,0.0,fog
2023-12-06,25.0,15.0,8.1,0.8,rain
2023-12-07,26.0,16.0,6.5,0.0,fog
2023-12-08,27.0,17.0,9.6,0.0,fog
2023-12-09,26.0,19.0,7.8,0.0,fog
2023-12-10,27.0,23.0,10.2,0.0,fog
2023-12-11,27.0,23.0,9.3,0.0,fog
2023-12-12,27.0,22.0,9.4,0.0,fog
2023-12-13,28.0,21.0,12.3,0.0,fog
2023-12-14,30.0,22.0,11.6,0.0,fog
2023-12-15,29.0,23.0,8.4,0.0,rain
2023-12-16,24.0,13.0,19.8,0.0,rain
2023-12-17,16.0,13.0,12.8,0.0,sun
2023-12-18,17.0,12.0,10.0,0.0,drizzle
2023-12-19,15.0,12.0,17.2,0.0,other
2023-12-20,18.0,13.0,12.6,0.0,sun
2023-12-21,17.0,11.0,12.1,0.0,sun
2023-12-22,17.0,8.0,9.0,0.0,sun
2023-12-23,19.0,9.0,9.7,0.0,sun
2023-12-24,19.0,14.0,11.2,0.0,sun
2023-12-25,21.0,9.0,8.8,0.0,sun
2023-12-26,22.0,10.0,4.9,0.0,fog
2023-12-27,24.0,12.0,5.9,0.0,fog
2023-12-28,25.0,14.0,5.0,0.0,fog
2023-12-29,24.0,16.0,5.2,0.0,other
2023-12-30,24.0,19.0,6.2,0.4,fog
2023-12-31,25.0,19.0,6.5,0.1,fog
2024-01-01,28.0,19.0,12.0,0.0,sun
2024-01-02,27.0,18.0,12.3,0.0,sun
2024-01-03,21.0,17.0,11.1,2.3,rain
2024-01-04,21.0,17.0,9.4,0.0,sun
2024-01-05,23.0,18.0,5.9,0.0,sun
2024-01-06,26.0,19.0,6.5,0.0,sun
2024-01-07,25.0,20.0,12.5,0.0,sun
2024-01-08,26.0,20.0,13.6,0.0,sun
2024-01-09,26.0,21.0,12.1,0.0,sun
2024-01-10,20.0,17.0,12.6,2.0,rain
2024-01-11,18.0,17.0,8.0,4.0,rain
2024-01-12,18.0,17.0,5.9,4.0,rain
2024-01-13,19.0,18.0,5.7,1.5,drizzle
2024-01-14,20.0,18.0,4.9,0.8,drizzle
2024-01-15,24.0,18.0,5.8,0.1,sun
2024-01-16,24.0,19.0,8.1,1.3,rain
2024-01-17,22.0,20.0,9.3,4.5,rain
2024-01-18,27.0,20.0,13.4,0.7,sun
2024-01-19,27.0,20.0,14.0,0.0,sun
2024-01-20,26.0,16.0,17.2,0.0,sun
2024-01-21,16.0,13.0,15.5,0.8,drizzle
2024-01-22,13.0,9.0,17.1,2.0,other
2024-01-23,12.0,8.0,14.3,0.2,other
2024-01-24,12.0,9.0,11.9,0.0,sun
2024-01-25,13.0,10.0,9.0,0.0,sun
2024-01-26,14.0,9.0,12.5,0.0,rain
2024-01-27,12.0,9.0,11.2,2.0,sun
2024-01-28,14.0,11.0,10.8,0.0,sun
2024-01-29,15.0,11.0,4.4,2.0,other
2024-01-30,16.0,13.0,4.6,0.0,fog
2024-01-31,19.0,15.0,5.6,0.2,sun
2024-02-01,21.0,17.0,5.3,0.2,sun
2024-02-02,25.0,20.0,10.4,0.0,other
2024-02-03,25.0,21.0,15.4,0.6,sun
2024-02-04,28.0,21.0,12.7,0.4,sun
2024-02-05,27.0,20.0,15.5,0.0,sun
2024-02-06,24.0,16.0,15.0,0.0,drizzle
2024-02-07,17.0,12.0,19.3,0.2,other
2024-02-08,15.0,12.0,15.7,0.1,sun
2024-02-09,17.0,13.0,8.4,0.0,sun
2024-02-10,21.0,15.0,6.2,0.0,sun
2024-02-11,23.0,12.0,6.9,0.0,sun
2024-02-12,24.0,12.0,10.1,0.0,fog
2024-02-13,26.0,17.0,13.3,0.0,sun
2024-02-14,24.0,20.0,15.0,0.0,sun
2024-02-15,24.0,19.0,6.2,0.0,fog
2024-02-16,25.0,17.0,10.9,0.0,sun
2024-02-17,25.0,19.0,14.2,0.0,sun
2024-02-18,27.0,21.0,14.3,0.0,sun
2024-02-19,27.0,22.0,15.0,0.0,sun
2024-02-20,26.0,23.0,15.1,0.0,drizzle
2024-02-21,27.0,23.0,14.4,0.0,fog
2024-02-22,26.0,22.0,13.1,0.4,drizzle
2024-02-23,22.0,13.0,17.7,3.5,drizzle
2024-02-24,13.0,12.0,14.8,2.0,drizzle
2024-02-25,14.0,11.0,10.3,1.0,other
2024-02-26,15.0,12.0,15.2,0.1,drizzle
2024-02-27,15.0,12.0,11.9,0.3,other
2024-02-28,15.0,12.0,9.0,0.1,fog
2024-02-29,16.0,13.0,14.6,0.4,drizzle
2024-03-01,16.0,13.0,13.4,0.0,sun
2024-03-02,17.0,13.0,9.6,0.0,sun
2024-03-03,19.0,15.0,11.0,0.0,sun
2024-03-04,20.0,16.0,5.4,0.2,drizzle
2024-03-05,30.0,19.0,6.0,0.0,sun
2024-03-06,29.0,20.0,12.2,0.0,sun
2024-03-07,24.0,20.0,10.4,0.0,sun
2024-03-08,21.0,17.0,6.8,0.0,sun
2024-03-09,18.0,16.0,10.2,0.0,drizzle
2024-03-10,18.0,16.0,10.6,0.5,other
2024-03-11,25.0,17.0,10.2,0.1,sun
2024-03-12,25.0,18.0,12.3,0.0,fog
2024-03-13,23.0,19.0,9.4,0.0,sun
2024-03-14,21.0,19.0,8.4,2.0,drizzle
2024-03-15,23.0,19.0,9.0,1.6,sun
2024-03-16,25.0,22.0,10.0,0.0,other
2024-03-17,25.0,22.0,10.0,0.0,sun
2024-03-18,26.0,20.0,11.5,0.2,other
2024-03-19,20.0,17.0,11.6,14.0,other
2024-03-20,23.0,17.0,5.4,0.1,sun
2024-03-21,26.0,18.0,14.5,0.0,sun
2024-03-22,23.0,20.0,9.2,0.0,sun
2024-03-23,29.0,22.0,14.4,0.0,sun
2024-03-24,25.0,23.0,12.5,0.1,sun
2024-03-25,30.0,23.0,12.3,0.1,sun
2024-03-26,30.0,24.0,14.0,0.0,sun
2024-03-27,29.0,24.0,16.0,0.0,sun
2024-03-28,26.0,22.0,8.4,0.5,other
2024-03-29,27.0,21.0,8.4,2.0,sun
2024-03-30,30.0,23.0,10.5,0.0,sun
2024-03-31,32.0,25.0,10.2,0.0,sun
2024-04-01,33.0,25.0,11.9,0.0,sun
2024-04-02,33.0,25.0,12.3,0.0,sun
2024-04-03,32.0,26.0,12.8,0.0,sun
2024-04-04,31.0,25.0,14.4,0.0,sun
2024-04-05,28.0,24.0,18.1,0.1,drizzle
2024-04-06,28.0,24.0,13.6,0.5,other
2024-04-07,25.0,21.0,12.3,0.5,sun
2024-04-08,24.0,21.0,9.3,1.0,other
2024-04-09,25.0,22.0,6.8,0.5,drizzle
2024-04-10,24.0,22.0,7.1,0.1,sun
2024-04-11,29.0,24.0,10.4,0.0,sun
2024-04-12,31.0,25.0,14.3,0.0,sun
2024-04-13,31.0,26.0,16.9,0.0,sun
2024-04-14,30.0,26.0,13.0,0.0,sun
2024-04-15,29.0,25.0,13.4,0.0,other
2024-04-16,33.0,25.0,17.5,3.0,sun
2024-04-17,30.0,25.0,12.6,0.0,other
2024-04-18,32.0,24.0,15.0,7.0,other
2024-04-19,31.0,27.0,13.6,0.0,sun
2024-04-20,34.0,24.0,12.6,9.0,rain
2024-04-21,32.0,24.0,12.6,41.0,sun
2024-04-22,29.0,24.0,9.9,0.0,sun
2024-04-23,31.0,24.0,11.1,0.0,other
2024-04-24,28.0,23.0,8.3,1.5,other
2024-04-25,34.0,26.0,11.4,6.0,sun
2024-04-26,36.0,27.0,11.2,0.0,sun
2024-04-27,40.0,27.0,10.0,0.0,sun
2024-04-28,35.0,28.0,14.4,0.0,sun
2024-04-29,34.0,27.0,14.0,0.0,sun
2024-04-30,36.0,25.0,11.9,0.0,sun
2024-05-01,28.0,22.0,11.1,0.0,other
2024-05-02,26.0,23.0,11.4,16.5,other
2024-05-03,27.0,23.0,11.5,17.0,other
2024-05-04,33.0,24.0,14.1,0.0,sun
2024-05-05,28.0,25.0,9.5,0.0,other
2024-05-06,28.0,23.0,8.4,1.0,other
2024-05-07,30.0,25.0,8.2,5.0,other
2024-05-08,30.0,23.0,11.2,5.0,rain
2024-05-09,31.0,23.0,9.5,2.0,other
2024-05-10,32.0,25.0,13.5,0.1,sun
2024-05-11,33.0,26.0,13.0,0.0,sun
2024-05-12,34.0,23.0,12.3,17.0,other
2024-05-13,30.0,24.0,7.7,146.0,other
2024-05-14,32.0,25.0,9.7,0.0,sun
2024-05-15,31.0,24.0,10.5,0.8,other
2024-05-16,31.0,25.0,9.4,0.2,sun
2024-05-17,31.0,26.0,12.2,0.0,sun
2024-05-18,32.0,27.0,14.8,0.0,sun
2024-05-19,32.0,25.0,9.5,44.0,other
2024-05-20,31.0,25.4,7.8,8.0,other
2024-05-21,34.0,25.0,6.8,0.0,sun
2024-05-22,33.0,26.0,7.9,0.0,other
2024-05-23,32.0,26.0,6.5,3.5,other
2024-05-24,35.0,26.0,9.6,0.0,other
2024-05-25,32.0,26.0,10.7,7.0,other
2024-05-26,35.0,27.0,9.8,10.0,other
2024-05-27,36.0,29.0,8.1,0.2,other
2024-05-28,35.0,29.0,10.5,0.0,sun
2024-05-29,36.0,29.0,14.9,0.0,sun
2024-05-30,35.0,23.0,12.0,58.0,rain
2024-05-31,29.0,25.0,6.7,16.0,rain
2024-06-01,34.0,26.8,8.4,0.0,sun
2024-06-02,36.0,28.0,11.0,0.0,fog
2024-06-03,37.0,27.0,11.3,0.0,rain
2024-06-04,33.0,27.0,9.5,6.5,other
2024-06-05,29.0,24.0,8.9,35.0,other
2024-06-06,29.0,24.0,7.4,2.5,other
2024-06-07,33.0,27.0,8.6,0.0,other
2024-06-08,33.0,26.0,11.1,20.0,rain
2024-06-09,26.0,26.0,9.5,15.5,rain
2024-06-10,31.0,26.0,11.0,8.0,rain
2024-06-11,35.0,28.0,10.0,5.5,other
2024-06-12,35.0,29.0,6.6,0.2,sun
2024-06-13,37.0,30.0,7.1,0.0,sun
2024-06-14,37.0,29.0,8.5,0.0,sun
2024-06-15,34.0,29.0,8.3,0.0,sun
2024-06-16,36.0,26.0,9.7,0.1,other
2024-06-17,37.0,26.0,10.8,3.0,rain
2024-06-18,35.0,27.0,10.4,8.0,other
2024-06-19,38.0,24.0,10.5,0.0,other
2024-06-20,36.0,28.0,9.6,0.8,sun
2024-06-21,35.0,29.0,12.3,2.4,other
2024-06-22,34.0,28.0,14.0,0.0,sun
2024-06-23,35.0,27.0,8.7,52.0,other
2024-06-24,32.0,26.0,9.8,6.0,rain
2024-06-25,31.0,26.0,10.7,12.0,other
2024-06-26,30.0,25.0,11.1,3.0,other
2024-06-27,33.0,26.0,11.6,7.5,other
2024-06-28,33.0,28.0,16.6,0.4,other
2024-06-29,36.0,28.0,9.8,10.0,other
2024-06-30,36.0,29.0,10.7,3.0,sun
2024-07-01,35.0,28.0,9.5,0.0,sun
2024-07-02,31.0,26.0,10.7,0.0,rain
2024-07-03,29.0,26.0,9.0,4.0,other
2024-07-04,34.0,26.0,13.0,3.0,rain
2024-07-05,35.0,27.0,13.0,0.0,sun
2024-07-06,35.0,28.0,14.1,0.0,sun
2024-07-07,35.0,28.0,15.7,0.0,sun
2024-07-08,35.0,29.0,16.1,0.4,other
2024-07-09,36.0,29.0,14.7,11.0,other
2024-07-10,32.0,26.0,9.0,0.2,sun
2024-07-11,36.0,28.0,10.6,10.0,other
2024-07-12,36.0,28.0,12.0,1.0,other
2024-07-13,36.0,27.0,16.7,8.0,other
2024-07-14,33.0,26.0,10.5,1.0,other
2024-07-15,35.0,27.0,9.2,13.0,rain
2024-07-16,35.0,27.0,9.2,3.5,other
2024-07-17,33.0,26.0,10.3,1.1,other
2024-07-18,30.0,26.0,12.5,12.0,other
2024-07-19,32.0,27.0,11.0,5.6,rain
2024-07-20,32.0,27.0,9.4,6.0,other
2024-07-21,36.0,26.0,9.2,3.0,other
2024-07-22,33.0,27.0,8.5,4.0,other
2024-07-23,27.0,25.0,13.8,94.5,sun
2024-07-24,32.0,26.0,10.0,50.7,rain
2024-07-25,33.0,27.0,7.0,12.0,other
2024-07-26,37.0,29.0,10.5,0.0,sun
2024-07-27,37.0,24.0,10.3,0.0,sun
2024-07-28,32.0,26.0,9.1,35.0,rain
2024-07-29,30.0,26.0,10.6,14.0,rain
2024-07-30,31.0,26.0,10.6,2.0,other
2024-07-31,31.0,27.0,7.7,0.4,sun
2024-08-01,31.0,27.0,10.6,0.2,other
2024-08-02,29.0,26.0,10.2,6.5,rain
2024-08-03,32.0,27.0,8.5,0.0,sun
2024-08-04,35.0,28.0,14.3,0.0,sun
2024-08-05,34.0,27.0,11.8,0.0,sun
2024-08-06,35.0,28.0,11.3,0.0,other
2024-08-07,35.6,28.0,9.5,0.0,sun
2024-08-08,37.0,26.0,9.1,0.0,other
2024-08-09,38.0,29.0,10.2,0.0,sun
2024-08-10,38.0,24.0,11.4,0.0,sun
2024-08-11,32.0,25.0,8.6,0.0,sun
2024-08-12,33.0,27.0,9.2,0.0,other
2024-08-13,32.0,26.0,8.1,10.0,other
2024-08-14,30.0,26.0,7.9,13.0,other
2024-08-15,33.0,26.0,8.9,0.5,sun
2024-08-16,35.0,27.0,6.7,0.0,sun
2024-08-17,33.0,28.0,7.9,34.0,other
2024-08-18,34.0,27.0,7.7,0.0,other
2024-08-19,33.0,27.0,6.6,0.0,other
2024-08-20,33.0,27.0,8.5,2.3,other
2024-08-21,33.0,27.0,7.1,19.0,other
2024-08-22,35.0,24.0,10.1,0.0,sun
2024-08-23,26.0,24.0,9.7,51.2,other
2024-08-24,32.0,24.0,8.4,16.0,other
2024-08-25,32.0,25.0,9.8,8.0,sun
2024-08-26,35.0,27.0,8.0,41.0,other
2024-08-27,35.0,28.0,8.1,9.0,sun
2024-08-28,36.0,28.0,8.2,0.0,sun
2024-08-29,35.0,25.0,10.1,0.0,other
2024-08-30,32.0,25.0,7.8,19.5,other
2024-08-31,35.0,27.0,7.4,0.9,other
2024-09-01,33.0,27.0,7.3,2.5,rain
2024-09-02,35.0,26.0,7.4,2.0,other
2024-09-03,34.0,25.0,10.0,20.1,other
2024-09-04,36.0,27.0,6.4,0.0,sun
2024-09-05,37.0,27.0,10.6,0.0,other
2024-09-06,37.0,26.0,13.8,9.0,other
2024-09-07,27.0,25.0,37.5,48.5,rain
2024-09-08,30.0,26.0,18.3,73.0,other
2024-09-09,30.0,24.0,13.4,28.0,sun
2024-09-10,29.0,25.0,6.8,57.5,rain
2024-09-11,27.0,24.0,9.3,32.0,rain
2024-09-12,31.0,25.0,8.7,0.1,rain
2024-09-13,33.0,25.0,8.8,46.0,sun
2024-09-14,35.0,26.0,7.1,2.0,other
2024-09-15,35.0,24.0,8.2,0.0,fog
2024-09-16,33.0,25.0,11.6,48.5,other
2024-09-17,33.0,27.0,9.6,2.0,other
2024-09-18,34.0,26.8,7.5,1.2,other
2024-09-19,35.0,27.0,10.7,0.0,other
2024-09-20,34.0,26.0,9.5,28.6,other
2024-09-21,34.0,25.0,11.2,37.5,other
2024-09-22,28.0,24.0,11.2,17.0,rain
2024-09-23,30.0,23.0,5.9,8.0,other
2024-09-24,33.0,23.0,9.0,0.0,sun
2024-09-25,29.0,25.0,7.2,0.0,sun
2024-09-26,32.0,25.0,8.8,0.0,sun
2024-09-27,34.0,26.0,9.7,0.0,sun
2024-09-28,35.0,28.0,13.6,0.0,other
2024-09-29,34.0,26.0,14.8,31.0,other
2024-09-30,30.0,26.0,9.9,2.0,other
2024-10-01,33.0,24.0,14.2,2.5,other
2024-10-02,29.0,22.0,11.5,0.1,sun
2024-10-03,29.0,20.0,8.0,0.0,sun
2024-10-04,30.0,21.0,6.1,0.0,sun
2024-10-05,31.0,21.0,6.7,0.0,sun
2024-10-06,33.0,23.0,7.4,0.0,fog
2024-10-07,33.0,24.0,8.3,0.0,sun
2024-10-08,32.0,24.0,8.5,0.0,sun
2024-10-09,30.0,22.0,7.2,0.0,sun
2024-10-10,31.0,23.0,7.5,0.0,fog
2024-10-11,32.0,23.0,6.4,0.0,fog
2024-10-12,32.0,24.0,8.2,0.0,sun
2024-10-13,33.0,24.0,9.5,0.0,sun
2024-10-14,33.0,26.0,7.2,0.0,sun
2024-10-15,32.0,24.0,10.3,30.0,rain
2024-10-16,31.0,25.0,6.0,2.0,other
2024-10-17,33.0,25.0,10.0,0.0,sun
2024-10-18,34.0,25.0,8.8,0.0,sun
2024-10-19,34.0,26.0,8.6,0.1,other
2024-10-20,34.0,26.0,7.6,0.0,fog
2024-10-21,29.0,24.0,5.2,17.0,rain
2024-10-22,33.0,24.0,8.6,0.0,sun
2024-10-23,30.0,20.0,12.9,0.0,sun
2024-10-24,32.0,18.0,7.6,0.0,fog
2024-10-25,32.0,19.0,7.1,0.0,fog
2024-10-26,32.0,21.0,13.8,0.0,sun
2024-10-27,25.0,20.0,14.8,2.0,rain
2024-10-28,25.0,21.0,11.6,1.0,other
2024-10-29,27.0,21.0,8.9,0.0,other
2024-10-30,32.0,22.0,7.3,0.0,sun
2024-10-31,32.0,22.0,6.4,0.0,fog
2024-11-01,33.0,20.0,8.0,0.0,sun
2024-11-02,31.0,20.0,8.5,0.0,fog
2024-11-03,27.0,22.0,6.3,0.0,fog
2024-11-04,28.0,23.0,8.5,0.0,sun
2024-11-05,27.0,22.0,8.1,1.0,other
2024-11-06,28.0,23.0,7.8,0.2,sun
2024-11-07,29.0,19.0,7.9,0.0,sun
2024-11-08,29.0,19.0,6.4,0.0,sun
2024-11-09,30.0,19.0,5.8,0.0,fog
2024-11-10,31.0,20.0,7.3,0.0,sun
2024-11-11,32.0,21.0,5.5,0.0,fog
2024-11-12,31.0,23.0,8.0,0.0,sun
2024-11-13,32.0,23.0,9.2,0.0,sun
2024-11-14,31.0,24.0,8.0,0.0,sun
2024-11-15,32.0,25.0,9.0,0.0,fog
2024-11-16,31.0,23.0,8.6,0.0,sun
2024-11-17,32.0,23.0,5.3,0.0,sun
2024-11-18,30.0,23.0,11.3,0.0,sun
2024-11-19,30.0,20.0,9.1,0.0,sun
2024-11-20,28.0,19.0,10.4,0.0,sun
