date,station_id,time,precipitation
20190104,488250,07:00am,0.9
20190106,488250,07:00am,0.1
20190107,488250,07:00pm,0.0
20190108,488250,07:00am,1.0
20190108,488250,07:00pm,0.0
20190109,488250,07:00am,3.0
20190109,488250,07:00pm,2.0
20190110,488250,07:00am,1.0
20190110,488250,07:00pm,0.0
20190115,488250,07:00pm,0.5
20190116,488250,07:00pm,0.3
20190120,488250,07:00pm,0.1
20190121,488250,07:00am,0.2
20190121,488250,07:00pm,2.0
20190130,488250,07:00pm,0.0
20190204,488250,07:00pm,0.0
20190211,488250,07:00am,0.9
20190211,488250,07:00pm,0.5
20190212,488250,07:00am,0.4
20190212,488250,07:00pm,0.2
20190213,488250,07:00am,0.4
20190213,488250,07:00pm,0.1
20190215,488250,07:00pm,0.0
20190217,488250,07:00am,1.0
20190217,488250,07:00pm,2.0
20190218,488250,07:00am,15.0
20190222,488250,07:00am,3.0
20190222,488250,07:00pm,0.0
20190223,488250,07:00am,1.0
20190223,488250,07:00pm,0.0
20190224,488250,07:00am,0.1
20190225,488250,07:00am,1.0
20190225,488250,07:00pm,0.0
20190226,488250,07:00am,0.4
20190226,488250,07:00pm,0.1
20190227,488250,07:00am,0.2
20190301,488250,07:00am,3.0
20190302,488250,07:00pm,0.5
20190304,488250,07:00am,0.0
20190304,488250,07:00pm,0.0
20190305,488250,07:00am,0.0
20190307,488250,07:00am,0.1
20190307,488250,07:00pm,0.0
20190308,488250,07:00am,0.0
20190308,488250,07:00pm,0.0
20190309,488250,07:00am,0.0
20190309,488250,07:00pm,0.1
20190315,488250,07:00am,0.0
20190315,488250,07:00pm,0.0
20190316,488250,07:00am,1.0
20190316,488250,07:00pm,0.5
20190317,488250,07:00am,2.0
20190317,488250,07:00pm,0.1
20190318,488250,07:00am,2.0
20190318,488250,07:00pm,0.7
20190319,488250,07:00am,0.4
20190319,488250,07:00pm,2.0
20190323,488250,07:00am,0.0
20190323,488250,07:00pm,0.0
20190324,488250,07:00am,0.3
20190326,488250,07:00am,0.0
20190326,488250,07:00pm,0.0
20190328,488250,07:00am,0.0
20190329,488250,07:00pm,0.0
20190401,488250,07:00pm,15.0
20190402,488250,07:00am,0.9
20190402,488250,07:00pm,0.0
20190403,488250,07:00am,0.4
20190403,488250,07:00pm,0.1
20190404,488250,07:00am,1.0
20190404,488250,07:00pm,36.0
20190406,488250,07:00am,0.0
20190410,488250,07:00am,0.0
20190410,488250,07:00pm,0.1
20190411,488250,07:00am,3.0
20190411,488250,07:00pm,0.0
20190413,488250,07:00am,0.3
20190414,488250,07:00am,3.0
20190414,488250,07:00pm,0.3
20190415,488250,07:00am,6.0
20190415,488250,07:00pm,0.0
20190416,488250,07:00am,2.0
20190416,488250,07:00pm,0.3
20190417,488250,07:00am,0.4
20190418,488250,07:00am,0.6
20190421,488250,07:00pm,0.1
20190427,488250,07:00am,0.3
20190428,488250,07:00pm,4.0
20190430,488250,07:00am,64.0
20190430,488250,07:00pm,26.0
20190501,488250,07:00am,20.0
20190501,488250,07:00pm,0.6
20190502,488250,07:00am,3.0
20190502,488250,07:00pm,0.0
20190503,488250,07:00am,4.0
20190503,488250,07:00pm,1.0
20190504,488250,07:00am,2.0
20190504,488250,07:00pm,0.3
20190505,488250,07:00am,2.0
20190505,488250,07:00pm,0.0
20190507,488250,07:00am,0.2
20190507,488250,07:00pm,0.5
20190508,488250,07:00am,3.0
20190508,488250,07:00pm,0.0
20190509,488250,07:00am,0.2
20190510,488250,07:00pm,0.0
20190511,488250,07:00am,0.1
20190511,488250,07:00pm,0.3
20190512,488250,07:00am,0.0
20190514,488250,07:00pm,2.0
20190515,488250,07:00am,1.0
20190521,488250,07:00am,0.2
20190521,488250,07:00pm,5.0
20190522,488250,07:00pm,1.0
20190525,488250,07:00am,2.0
20190525,488250,07:00pm,0.0
20190527,488250,07:00am,0.3
20190527,488250,07:00pm,0.1
20190529,488250,07:00am,2.0
20190530,488250,07:00am,7.0
20190530,488250,07:00pm,0.1
20190531,488250,07:00am,25.0
20190531,488250,07:00pm,1.0
20190601,488250,07:00am,11.0
20190601,488250,07:00pm,29.0
20190602,488250,07:00am,0.2
20190602,488250,07:00pm,0.0
20190605,488250,07:00pm,0.0
20190606,488250,07:00am,4.0
20190606,488250,07:00pm,11.0
20190607,488250,07:00am,0.4
20190608,488250,07:00am,2.0
20190614,488250,07:00am,0.0
20190614,488250,07:00pm,0.0
20190618,488250,07:00am,18.0
20190618,488250,07:00pm,0.7
20190619,488250,07:00pm,6.0
20190624,488250,07:00am,0.7
20190624,488250,07:00pm,0.0
20190626,488250,07:00am,2.0
20190630,488250,07:00am,35.0
20190701,488250,07:00pm,0.0
20190702,488250,07:00am,0.5
20190703,488250,07:00am,0.7
20190703,488250,07:00pm,4.0
20190704,488250,07:00am,16.0
20190704,488250,07:00pm,9.0
20190709,488250,07:00pm,1.0
20190710,488250,07:00am,0.0
20190710,488250,07:00pm,0.0
20190715,488250,07:00pm,9.0
20190721,488250,07:00am,3.0
20190721,488250,07:00pm,3.0
20190725,488250,07:00pm,0.0
20190728,488250,07:00pm,7.0
20190729,488250,07:00pm,42.0
20190730,488250,07:00am,2.0
20190730,488250,07:00pm,17.0
20190801,488250,07:00am,1.0
20190801,488250,07:00pm,33.0
20190802,488250,07:00am,6.0
20190802,488250,07:00pm,3.0
20190803,488250,07:00am,23.0
20190803,488250,07:00pm,107.0
20190804,488250,07:00am,52.0
20190804,488250,07:00pm,25.0
20190805,488250,07:00am,0.2
20190805,488250,07:00pm,4.0
20190808,488250,07:00am,0.1
20190808,488250,07:00pm,8.0
20190809,488250,07:00am,46.0
20190812,488250,07:00pm,0.0
20190814,488250,07:00am,0.0
20190814,488250,07:00pm,0.0
20190816,488250,07:00am,0.0
20190816,488250,07:00pm,0.2
20190817,488250,07:00am,0.0
20190817,488250,07:00pm,0.0
20190819,488250,07:00pm,16.0
20190820,488250,07:00pm,17.0
20190821,488250,07:00am,2.0
20190821,488250,07:00pm,6.0
20190822,488250,07:00pm,53.0
20190823,488250,07:00pm,2.0
20190824,488250,07:00am,0.2
20190824,488250,07:00pm,6.0
20190828,488250,07:00am,2.0
20190828,488250,07:00pm,0.1
20190829,488250,07:00pm,22.0
20190830,488250,07:00am,0.4
20190830,488250,07:00pm,32.0
20190831,488250,07:00am,16.0
20190831,488250,07:00pm,20.0
20190901,488250,07:00am,21.0
20190901,488250,07:00pm,5.0
20190902,488250,07:00am,0.1
20190903,488250,07:00am,0.0
20190904,488250,07:00pm,0.1
20190908,488250,07:00pm,1.0
20190909,488250,07:00am,0.0
20190909,488250,07:00pm,4.0
20190910,488250,07:00am,3.0
20190910,488250,07:00pm,3.0
20190911,488250,07:00am,0.5
20190911,488250,07:00pm,7.0
20190912,488250,07:00am,2.0
20190912,488250,07:00pm,8.0
20190916,488250,07:00pm,6.0
20190919,488250,07:00am,56.0
20190919,488250,07:00pm,15.0
20190920,488250,07:00pm,0.2
20191003,488250,07:00am,4.0
20191003,488250,07:00pm,6.0
20191004,488250,07:00am,2.0
20191004,488250,07:00pm,35.0
20191005,488250,07:00pm,0.2
20191008,488250,07:00am,7.0
20191008,488250,07:00pm,2.0
20191009,488250,07:00am,16.0
20191009,488250,07:00pm,2.0
20191010,488250,07:00am,0.1
20191014,488250,07:00pm,1.0
20191015,488250,07:00am,0.7
20191016,488250,07:00pm,6.0
20191017,488250,07:00am,0.4
20191017,488250,07:00pm,2.0
20191018,488250,07:00am,0.1
20191024,488250,07:00am,0.5
20191024,488250,07:00pm,2.0
20191026,488250,07:00pm,0.1
20191027,488250,07:00am,2.0
20191027,488250,07:00pm,0.1
20191028,488250,07:00am,13.0
20191028,488250,07:00pm,0.0
20191101,488250,07:00am,7.0
20191101,488250,07:00pm,15.0
20191102,488250,07:00am,4.0
20191103,488250,07:00am,0.7
20191113,488250,07:00pm,2.0
20191114,488250,07:00am,15.0
20191114,488250,07:00pm,1.0
20191118,488250,07:00pm,3.0
20191119,488250,07:00am,5.0
20191127,488250,07:00pm,0.0
20191201,488250,07:00pm,0.1
20191220,488250,07:00am,0.0
20191220,488250,07:00pm,0.0
20191221,488250,07:00am,1.0
20191221,488250,07:00pm,1.0
20191222,488250,07:00am,1.0
20191222,488250,07:00pm,0.2
20191223,488250,07:00am,1.0
20191223,488250,07:00pm,0.2
20191226,488250,07:00am,0.0
20191226,488250,07:00pm,0.0
20191231,488250,07:00pm,0.3
20200101,488250,07:00pm,0.2
20200102,488250,07:00am,0.0
20200102,488250,07:00pm,0.0
20200104,488250,07:00am,2.0
20200104,488250,07:00pm,5.0
20200105,488250,07:00pm,3.0
20200107,488250,07:00am,2.0
20200107,488250,07:00pm,0.9
20200112,488250,07:00am,0.9
20200113,488250,07:00am,0.0
20200113,488250,07:00pm,0.3
20200114,488250,07:00am,0.3
20200118,488250,07:00am,0.4
20200118,488250,07:00pm,0.0
20200119,488250,07:00am,0.3
20200119,488250,07:00pm,0.0
20200121,488250,07:00am,0.0
20200121,488250,07:00pm,0.1
20200122,488250,07:00am,0.1
20200124,488250,07:00am,0.0
20200124,488250,07:00pm,7.0
20200125,488250,07:00am,47.0
20200125,488250,07:00pm,11.0
20200126,488250,07:00am,8.0
20200201,488250,07:00pm,0.0
20200203,488250,07:00am,0.2
20200203,488250,07:00pm,2.0
20200204,488250,07:00am,4.0
20200204,488250,07:00pm,0.5
20200205,488250,07:00am,2.0
20200205,488250,07:00pm,1.0
20200206,488250,07:00am,0.1
20200207,488250,07:00am,0.6
20200207,488250,07:00pm,0.1
20200208,488250,07:00am,2.0
20200208,488250,07:00pm,2.0
20200209,488250,07:00am,0.8
20200209,488250,07:00pm,1.0
20200210,488250,07:00pm,0.0
20200211,488250,07:00am,0.1
20200212,488250,07:00am,0.3
20200212,488250,07:00pm,0.0
20200213,488250,07:00am,3.0
20200213,488250,07:00pm,0.0
20200214,488250,07:00am,0.6
20200214,488250,07:00pm,0.0
20200216,488250,07:00am,0.3
20200220,488250,07:00pm,0.0
20200221,488250,07:00am,0.0
20200228,488250,07:00pm,0.0
20200302,488250,07:00pm,0.2
20200303,488250,07:00am,61.0
20200303,488250,07:00pm,38.0
20200304,488250,07:00am,5.0
20200304,488250,07:00pm,15.0
20200305,488250,07:00am,2.0
20200305,488250,07:00pm,0.2
20200306,488250,07:00am,0.0
20200307,488250,07:00am,0.0
20200307,488250,07:00pm,0.0
20200308,488250,07:00am,0.0
20200312,488250,07:00am,0.0
20200313,488250,07:00am,0.1
20200313,488250,07:00pm,0.0
20200314,488250,07:00am,0.4
20200314,488250,07:00pm,0.1
20200316,488250,07:00am,0.0
20200316,488250,07:00pm,0.2
20200317,488250,07:00am,2.0
20200317,488250,07:00pm,0.7
20200318,488250,07:00am,10.0
20200318,488250,07:00pm,3.0
20200319,488250,07:00am,2.0
20200319,488250,07:00pm,0.7
20200321,488250,07:00am,0.0
20200321,488250,07:00pm,0.0
20200322,488250,07:00pm,3.0
20200323,488250,07:00am,0.9
20200323,488250,07:00pm,2.0
20200324,488250,07:00am,0.4
20200326,488250,07:00am,1.0
20200328,488250,07:00pm,0.0
20200330,488250,07:00pm,0.0
20200331,488250,07:00am,0.8
20200331,488250,07:00pm,0.0
20200402,488250,07:00am,1.0
20200402,488250,07:00pm,0.6
20200403,488250,07:00am,0.7
20200403,488250,07:00pm,3.0
20200404,488250,07:00am,2.0
20200404,488250,07:00pm,0.6
20200405,488250,07:00am,0.4
20200406,488250,07:00am,0.5
20200406,488250,07:00pm,0.9
20200407,488250,07:00am,0.4
20200407,488250,07:00pm,0.2
20200408,488250,07:00pm,4.0
20200412,488250,07:00am,22.0
20200412,488250,07:00pm,4.0
20200413,488250,07:00am,0.1
20200413,488250,07:00pm,7.0
20200417,488250,07:00am,1.0
20200417,488250,07:00pm,0.0
20200418,488250,07:00am,0.5
20200420,488250,07:00am,0.0
20200421,488250,07:00am,0.0
20200422,488250,07:00am,0.4
20200422,488250,07:00pm,1.0
20200423,488250,07:00am,2.0
20200423,488250,07:00pm,4.0
20200424,488250,07:00am,12.0
20200424,488250,07:00pm,10.0
20200425,488250,07:00am,1.0
20200425,488250,07:00pm,0.6
20200426,488250,07:00am,0.2
20200426,488250,07:00pm,0.3
20200427,488250,07:00am,0.0
20200430,488250,07:00pm,0.0
20200501,488250,07:00pm,11.0
20200509,488250,07:00am,8.0
20200509,488250,07:00pm,0.0
20200510,488250,07:00am,0.0
20200512,488250,07:00am,32.0
20200512,488250,07:00pm,4.0
20200513,488250,07:00pm,8.0
20200514,488250,07:00am,3.0
20200516,488250,07:00am,3.0
20200518,488250,07:00am,2.0
20200518,488250,07:00pm,0.4
20200519,488250,07:00am,1.0
20200523,488250,07:00am,4.0
20200524,488250,07:00am,2.0
20200526,488250,07:00am,3.0
20200526,488250,07:00pm,0.1
20200527,488250,07:00am,6.0
20200529,488250,07:00am,0.3
20200529,488250,07:00pm,0.2
20200531,488250,07:00am,0.4
20200601,488250,07:00pm,1.0
20200602,488250,07:00am,2.0
20200610,488250,07:00pm,0.5
20200611,488250,07:00am,5.0
20200612,488250,07:00am,2.0
20200614,488250,07:00pm,35.0
20200615,488250,07:00am,18.0
20200615,488250,07:00pm,0.2
20200624,488250,07:00am,2.0
20200626,488250,07:00am,4.0
20200629,488250,07:00am,0.0
20200703,488250,07:00pm,0.4
20200704,488250,07:00am,3.0
20200704,488250,07:00pm,39.0
20200711,488250,07:00pm,0.0
20200720,488250,07:00am,0.0
20200720,488250,07:00pm,0.0
20200721,488250,07:00am,0.6
20200721,488250,07:00pm,0.0
20200726,488250,07:00pm,14.0
20200731,488250,07:00pm,20.0
20200801,488250,07:00pm,8.0
20200802,488250,07:00am,21.0
20200802,488250,07:00pm,46.0
20200803,488250,07:00am,4.0
20200804,488250,07:00am,3.0
20200804,488250,07:00pm,3.0
20200805,488250,07:00am,39.0
20200805,488250,07:00pm,4.0
20200806,488250,07:00am,5.0
20200806,488250,07:00pm,0.2
20200807,488250,07:00am,35.0
20200809,488250,07:00pm,0.3
20200810,488250,07:00am,0.2
20200811,488250,07:00am,8.0
20200811,488250,07:00pm,21.0
20200812,488250,07:00am,20.0
20200813,488250,07:00am,12.0
20200813,488250,07:00pm,2.0
20200814,488250,07:00am,7.0
20200814,488250,07:00pm,1.0
20200816,488250,07:00am,18.0
20200816,488250,07:00pm,0.8
20200817,488250,07:00am,3.0
20200817,488250,07:00pm,2.0
20200818,488250,07:00am,5.0
20200818,488250,07:00pm,47.0
20200819,488250,07:00am,47.0
20200819,488250,07:00pm,2.0
20200820,488250,07:00pm,0.0
20200821,488250,07:00am,51.0
20200822,488250,07:00am,2.0
20200822,488250,07:00pm,5.0
20200823,488250,07:00am,0.1
20200824,488250,07:00pm,0.0
20200825,488250,07:00am,12.0
20200828,488250,07:00pm,1.0
20200830,488250,07:00pm,0.0
20200902,488250,07:00pm,0.0
20200903,488250,07:00pm,12.0
20200906,488250,07:00pm,31.0
20200907,488250,07:00am,9.0
20200907,488250,07:00pm,27.0
20200910,488250,07:00pm,0.1
20200912,488250,07:00pm,0.3
20200913,488250,07:00am,2.0
20200913,488250,07:00pm,0.0
20200914,488250,07:00am,12.0
20200914,488250,07:00pm,0.7
20200915,488250,07:00am,0.1
20200916,488250,07:00pm,0.0
20200918,488250,07:00am,0.1
20200918,488250,07:00pm,3.0
20200919,488250,07:00am,0.6
20200919,488250,07:00pm,33.0
20200920,488250,07:00am,2.0
20200920,488250,07:00pm,0.1
20200922,488250,07:00am,0.0
20200922,488250,07:00pm,15.0
20200923,488250,07:00am,0.6
20200924,488250,07:00am,7.0
20200924,488250,07:00pm,7.0
20200925,488250,07:00pm,0.2
20200926,488250,07:00am,8.0
20200927,488250,07:00am,2.0
20200927,488250,07:00pm,33.0
20200928,488250,07:00am,0.4
20200928,488250,07:00pm,1.0
20201001,488250,07:00am,16.0
20201001,488250,07:00pm,5.0
20201003,488250,07:00am,0.2
20201003,488250,07:00pm,8.0
20201004,488250,07:00am,0.0
20201004,488250,07:00pm,0.1
20201005,488250,07:00pm,0.4
20201014,488250,07:00am,4.0
20201014,488250,07:00pm,52.0
20201015,488250,07:00am,15.0
20201015,488250,07:00pm,25.0
20201016,488250,07:00am,56.0
20201017,488250,07:00pm,0.0
20201018,488250,07:00pm,14.0
20201019,488250,07:00am,1.0
20201019,488250,07:00pm,0.2
20201020,488250,07:00am,0.0
20201025,488250,07:00pm,0.0
20201026,488250,07:00am,0.0
20201027,488250,07:00am,1.0
20201028,488250,07:00pm,0.6
20201029,488250,07:00am,13.0
20201029,488250,07:00pm,6.0
20201030,488250,07:00am,3.0
20201030,488250,07:00pm,6.0
20201031,488250,07:00am,3.0
20201031,488250,07:00pm,0.0
20201102,488250,07:00pm,2.0
20201115,488250,07:00am,3.0
20201115,488250,07:00pm,7.0
20201116,488250,07:00am,13.0
20201116,488250,07:00pm,19.0
20201117,488250,07:00am,4.0
20201119,488250,07:00pm,0.0
20201215,488250,07:00am,0.7
20201215,488250,07:00pm,0.0
20201216,488250,07:00am,0.0
20201216,488250,07:00pm,0.0
20201218,488250,07:00am,0.0
20201227,488250,07:00am,0.0
20201227,488250,07:00pm,0.2
20201228,488250,07:00am,0.0
20201229,488250,07:00am,0.0
20201229,488250,07:00pm,0.0
20201230,488250,07:00am,3.0
20210111,488250,07:00pm,0.0
20210117,488250,07:00am,0.7
20210117,488250,07:00pm,2.0
20210121,488250,07:00am,0.0
20210121,488250,07:00pm,0.0
20210125,488250,07:00am,0.0
20210125,488250,07:00pm,0.2
20210126,488250,07:00am,0.0
20210128,488250,07:00pm,0.3
20210131,488250,07:00pm,2.0
20210204,488250,07:00pm,0.0
20210208,488250,07:00am,1.0
20210208,488250,07:00pm,1.0
20210209,488250,07:00am,32.0
20210209,488250,07:00pm,13.0
20210216,488250,07:00am,0.4
20210216,488250,07:00pm,0.0
20210225,488250,07:00pm,0.0
20210226,488250,07:00am,0.3
20210227,488250,07:00am,5.0
20210227,488250,07:00pm,1.0
20210228,488250,07:00am,1.0
20210228,488250,07:00pm,1.0
20210301,488250,07:00am,1.0
20210301,488250,07:00pm,0.1
20210302,488250,07:00am,0.8
20210303,488250,07:00pm,0.0
20210304,488250,07:00am,4.0
20210304,488250,07:00pm,0.0
20210305,488250,07:00am,1.0
20210305,488250,07:00pm,0.0
20210306,488250,07:00am,0.9
20210306,488250,07:00pm,0.1
20210307,488250,07:00am,0.2
20210307,488250,07:00pm,0.0
20210308,488250,07:00pm,0.0
20210309,488250,07:00am,0.0
20210309,488250,07:00pm,0.0
20210310,488250,07:00am,0.0
20210311,488250,07:00pm,0.8
20210316,488250,07:00am,1.0
20210316,488250,07:00pm,1.0
20210318,488250,07:00am,0.0
20210318,488250,07:00pm,0.3
20210319,488250,07:00am,0.0
20210319,488250,07:00pm,0.0
20210320,488250,07:00am,0.4
20210320,488250,07:00pm,0.2
20210321,488250,07:00am,2.0
20210321,488250,07:00pm,12.0
20210325,488250,07:00am,0.0
20210325,488250,07:00pm,0.0
20210326,488250,07:00am,0.8
20210326,488250,07:00pm,0.2
20210327,488250,07:00am,0.3
20210327,488250,07:00pm,0.0
20210328,488250,07:00am,2.0
20210328,488250,07:00pm,0.0
20210331,488250,07:00am,0.0
20210331,488250,07:00pm,0.0
20210401,488250,07:00am,0.0
20210402,488250,07:00am,0.0
20210402,488250,07:00pm,0.2
20210403,488250,07:00pm,0.5
20210405,488250,07:00am,7.0
20210405,488250,07:00pm,0.1
20210406,488250,07:00am,0.2
20210408,488250,07:00pm,0.3
20210409,488250,07:00am,10.0
20210409,488250,07:00pm,0.3
20210410,488250,07:00am,2.0
20210410,488250,07:00pm,0.4
20210411,488250,07:00am,0.9
20210414,488250,07:00am,0.0
20210415,488250,07:00am,3.0
20210415,488250,07:00pm,0.7
20210416,488250,07:00am,0.0
20210417,488250,07:00am,76.0
20210417,488250,07:00pm,49.0
20210418,488250,07:00am,2.0
20210419,488250,07:00am,0.2
20210421,488250,07:00am,0.0
20210423,488250,07:00am,0.2
20210425,488250,07:00am,2.0
20210425,488250,07:00pm,2.0
20210426,488250,07:00am,25.0
20210426,488250,07:00pm,16.0
20210427,488250,07:00am,0.8
20210428,488250,07:00am,6.0
20210428,488250,07:00pm,0.0
20210429,488250,07:00am,2.0
20210501,488250,07:00pm,0.1
20210502,488250,07:00am,4.0
20210502,488250,07:00pm,0.0
20210503,488250,07:00pm,0.0
20210505,488250,07:00pm,42.0
20210506,488250,07:00am,0.3
20210510,488250,07:00pm,4.0
20210511,488250,07:00pm,25.0
20210512,488250,07:00am,2.0
20210513,488250,07:00am,0.5
20210513,488250,07:00pm,6.0
20210514,488250,07:00am,0.1
20210515,488250,07:00pm,0.0
20210516,488250,07:00am,0.2
20210517,488250,07:00am,0.5
20210523,488250,07:00am,0.4
20210524,488250,07:00am,9.0
20210525,488250,07:00am,3.0
20210525,488250,07:00pm,7.0
20210526,488250,07:00am,3.0
20210529,488250,07:00pm,1.0
20210604,488250,07:00am,0.3
20210607,488250,07:00am,33.0
20210607,488250,07:00pm,20.0
20210608,488250,07:00am,15.0
20210608,488250,07:00pm,24.0
20210609,488250,07:00am,36.0
20210609,488250,07:00pm,0.4
20210611,488250,07:00am,2.0
20210612,488250,07:00am,30.0
20210612,488250,07:00pm,2.0
20210613,488250,07:00am,19.0
20210613,488250,07:00pm,40.0
20210615,488250,07:00am,0.0
20210623,488250,07:00am,43.0
20210624,488250,07:00pm,0.6
20210626,488250,07:00am,20.0
20210626,488250,07:00pm,19.0
20210627,488250,07:00am,7.0
20210705,488250,07:00pm,5.0
20210707,488250,07:00pm,24.0
20210708,488250,07:00am,48.0
20210708,488250,07:00pm,5.0
20210709,488250,07:00am,4.0
20210709,488250,07:00pm,3.0
20210710,488250,07:00pm,12.0
20210718,488250,07:00pm,0.7
20210720,488250,07:00pm,0.0
20210722,488250,07:00am,2.0
20210722,488250,07:00pm,31.0
20210723,488250,07:00am,13.0
20210723,488250,07:00pm,37.0
20210724,488250,07:00am,2.0
20210727,488250,07:00am,0.2
20210729,488250,07:00am,0.1
20210729,488250,07:00pm,6.0
20210801,488250,07:00am,16.0
20210801,488250,07:00pm,0.1
20210808,488250,07:00pm,0.0
20210809,488250,07:00pm,0.0
20210810,488250,07:00am,0.0
20210810,488250,07:00pm,23.0
20210811,488250,07:00am,4.0
20210811,488250,07:00pm,21.0
20210812,488250,07:00am,36.0
20210812,488250,07:00pm,15.0
20210813,488250,07:00am,1.0
20210815,488250,07:00pm,0.0
20210818,488250,07:00am,0.0
20210819,488250,07:00am,25.0
20210825,488250,07:00am,3.0
20210825,488250,07:00pm,6.0
20210826,488250,07:00am,33.0
20210826,488250,07:00pm,0.1
20210827,488250,07:00am,52.0
20210827,488250,07:00pm,26.0
20210828,488250,07:00am,11.0
20210828,488250,07:00pm,6.0
20210831,488250,07:00pm,10.0
20210901,488250,07:00pm,19.0
20210902,488250,07:00pm,0.0
20210903,488250,07:00pm,2.0
20210904,488250,07:00pm,9.0
20210905,488250,07:00am,0.2
20210905,488250,07:00pm,38.0
20210908,488250,07:00pm,24.0
20210909,488250,07:00am,58.0
20210909,488250,07:00pm,0.3
20210913,488250,07:00pm,0.0
20210914,488250,07:00am,0.9
20210914,488250,07:00pm,11.0
20210915,488250,07:00am,13.0
20210915,488250,07:00pm,18.0
20210916,488250,07:00am,5.0
20210917,488250,07:00pm,4.0
20210918,488250,07:00am,3.0
20210922,488250,07:00pm,3.0
20210923,488250,07:00pm,0.2
20210924,488250,07:00am,0.0
20210924,488250,07:00pm,20.0
20210925,488250,07:00am,73.0
20210925,488250,07:00pm,15.0
20210926,488250,07:00am,27.0
20210926,488250,07:00pm,8.0
20210927,488250,07:00am,2.0
20210927,488250,07:00pm,3.0
20211004,488250,07:00pm,8.0
20211005,488250,07:00am,0.1
20211009,488250,07:00pm,9.0
20211010,488250,07:00am,27.0
20211010,488250,07:00pm,60.0
20211011,488250,07:00am,36.0
20211011,488250,07:00pm,68.0
20211013,488250,07:00pm,5.0
20211014,488250,07:00am,11.0
20211014,488250,07:00pm,4.0
20211015,488250,07:00am,12.0
20211015,488250,07:00pm,21.0
20211016,488250,07:00am,48.0
20211016,488250,07:00pm,4.0
20211017,488250,07:00am,4.0
20211017,488250,07:00pm,0.1
20211018,488250,07:00am,3.0
20211018,488250,07:00pm,13.0
20211019,488250,07:00pm,3.0
20211020,488250,07:00am,0.0
20211021,488250,07:00pm,0.0
20211028,488250,07:00pm,41.0
20211029,488250,07:00am,7.0
20211029,488250,07:00pm,11.0
20211030,488250,07:00am,25.0
20211030,488250,07:00pm,10.0
20211031,488250,07:00am,0.9
20211031,488250,07:00pm,0.6
20211101,488250,07:00am,4.0
20211101,488250,07:00pm,1.0
20211102,488250,07:00am,2.0
20211102,488250,07:00pm,4.0
20211103,488250,07:00am,0.0
20211108,488250,07:00pm,0.4
20211116,488250,07:00pm,0.0
20211117,488250,07:00pm,0.4
20211120,488250,07:00am,1.0
20211120,488250,07:00pm,0.2
20211121,488250,07:00am,0.0
20211122,488250,07:00am,1.0
20211225,488250,07:00pm,0.0
20211226,488250,07:00am,0.0
20211226,488250,07:00pm,0.0
20211227,488250,07:00am,0.0
20211230,488250,07:00am,0.0
20211231,488250,07:00am,0.0
20211231,488250,07:00pm,0.4
20220106,488250,07:00pm,0.0
20220109,488250,07:00am,1.0
20220109,488250,07:00pm,0.9
20220110,488250,07:00am,0.2
20220110,488250,07:00pm,0.3
20220111,488250,07:00am,1.0
20220113,488250,07:00am,0.0
20220113,488250,07:00pm,0.2
20220116,488250,07:00am,0.1
20220116,488250,07:00pm,0.1
20220117,488250,07:00am,20.0
20220117,488250,07:00pm,3.0
20220120,488250,07:00am,0.6
20220120,488250,07:00pm,2.0
20220121,488250,07:00am,0.0
20220121,488250,07:00pm,7.0
20220122,488250,07:00am,5.0
20220122,488250,07:00pm,0.0
20220123,488250,07:00am,0.2
20220126,488250,07:00pm,0.2
20220127,488250,07:00am,0.0
20220127,488250,07:00pm,0.0
20220129,488250,07:00am,0.0
20220129,488250,07:00pm,1.0
20220130,488250,07:00am,0.2
20220130,488250,07:00pm,0.0
20220131,488250,07:00am,1.0
20220205,488250,07:00pm,0.8
20220206,488250,07:00am,10.0
20220206,488250,07:00pm,7.0
20220207,488250,07:00pm,0.2
20220208,488250,07:00am,1.0
20220208,488250,07:00pm,0.3
20220209,488250,07:00am,0.9
20220210,488250,07:00am,0.5
20220210,488250,07:00pm,0.1
20220211,488250,07:00am,1.0
20220211,488250,07:00pm,0.3
20220212,488250,07:00am,3.0
20220212,488250,07:00pm,2.0
20220213,488250,07:00am,3.0
20220213,488250,07:00pm,4.0
20220215,488250,07:00pm,0.0
20220216,488250,07:00am,0.7
20220216,488250,07:00pm,0.7
20220217,488250,07:00am,0.1
20220217,488250,07:00pm,0.0
20220218,488250,07:00am,0.6
20220218,488250,07:00pm,0.0
20220219,488250,07:00am,14.0
20220219,488250,07:00pm,17.0
20220220,488250,07:00am,23.0
20220220,488250,07:00pm,18.0
20220221,488250,07:00am,0.3
20220304,488250,07:00pm,0.0
20220305,488250,07:00am,0.0
20220305,488250,07:00pm,0.4
20220306,488250,07:00am,0.5
20220306,488250,07:00pm,0.3
20220307,488250,07:00am,10.0
20220307,488250,07:00pm,0.3
20220310,488250,07:00am,1.0
20220310,488250,07:00pm,0.0
20220311,488250,07:00pm,0.0
20220312,488250,07:00am,0.0
20220316,488250,07:00am,2.0
20220316,488250,07:00pm,0.0
20220317,488250,07:00pm,0.0
20220318,488250,07:00am,0.1
20220319,488250,07:00pm,0.0
20220321,488250,07:00am,0.0
20220321,488250,07:00pm,0.0
20220322,488250,07:00pm,0.0
20220323,488250,07:00am,4.0
20220323,488250,07:00pm,5.0
20220324,488250,07:00am,5.0
20220325,488250,07:00am,0.2
20220327,488250,07:00am,0.0
20220327,488250,07:00pm,0.9
20220328,488250,07:00am,7.0
20220329,488250,07:00pm,0.0
20220330,488250,07:00am,0.8
20220330,488250,07:00pm,0.3
20220331,488250,07:00am,0.2
20220401,488250,07:00am,26.0
20220401,488250,07:00pm,18.0
20220411,488250,07:00pm,0.0
20220415,488250,07:00am,0.0
20220415,488250,07:00pm,0.0
20220416,488250,07:00am,0.6
20220416,488250,07:00pm,5.0
20220417,488250,07:00am,1.0
20220417,488250,07:00pm,0.4
20220418,488250,07:00am,9.0
20220418,488250,07:00pm,2.0
20220427,488250,07:00am,0.1
20220430,488250,07:00am,1.0
20220501,488250,07:00am,12.0
20220501,488250,07:00pm,0.1
20220507,488250,07:00am,1.0
20220507,488250,07:00pm,0.0
20220508,488250,07:00am,0.2
20220508,488250,07:00pm,3.0
20220509,488250,07:00am,2.0
20220510,488250,07:00am,3.0
20220511,488250,07:00am,0.0
20220512,488250,07:00am,0.5
20220512,488250,07:00pm,37.0
20220514,488250,07:00am,3.0
20220514,488250,07:00pm,0.3
20220515,488250,07:00am,4.0
20220515,488250,07:00pm,1.0
20220521,488250,07:00pm,0.1
20220522,488250,07:00am,6.0
20220522,488250,07:00pm,43.0
20220523,488250,07:00am,122.0
20220523,488250,07:00pm,22.0
20220524,488250,07:00am,44.0
20220524,488250,07:00pm,4.0
20220527,488250,07:00pm,7.0
20220528,488250,07:00am,3.0
20220528,488250,07:00pm,31.0
20220529,488250,07:00am,1.0
20220529,488250,07:00pm,19.0
20220531,488250,07:00am,59.0
20220531,488250,07:00pm,0.1
20220601,488250,07:00pm,25.0
20220602,488250,07:00am,4.0
20220606,488250,07:00pm,5.0
20220607,488250,07:00am,6.0
20220608,488250,07:00pm,7.0
20220610,488250,07:00pm,0.0
20220611,488250,07:00am,0.3
20220611,488250,07:00pm,0.3
20220612,488250,07:00am,0.1
20220614,488250,07:00am,57.0
20220614,488250,07:00pm,0.1
20220615,488250,07:00am,20.0
20220616,488250,07:00am,2.0
20220622,488250,07:00pm,0.0
20220623,488250,07:00am,3.0
20220626,488250,07:00pm,1.0
20220627,488250,07:00am,0.0
20220629,488250,07:00pm,0.3
20220630,488250,07:00am,51.0
20220703,488250,07:00am,0.9
20220703,488250,07:00pm,2.0
20220705,488250,07:00pm,85.0
20220706,488250,07:00am,8.0
20220707,488250,07:00pm,24.0
20220708,488250,07:00am,3.0
20220709,488250,07:00am,0.5
20220709,488250,07:00pm,0.7
20220710,488250,07:00pm,0.2
20220711,488250,07:00pm,1.0
20220712,488250,07:00pm,2.0
20220713,488250,07:00am,22.0
20220713,488250,07:00pm,12.0
20220714,488250,07:00am,7.0
20220714,488250,07:00pm,0.6
20220715,488250,07:00am,34.0
20220718,488250,07:00pm,5.0
20220719,488250,07:00am,49.0
20220720,488250,07:00am,17.0
20220720,488250,07:00pm,10.0
20220721,488250,07:00am,5.0
20220721,488250,07:00pm,19.0
20220722,488250,07:00am,10.0
20220722,488250,07:00pm,6.0
20220730,488250,07:00pm,26.0
20220731,488250,07:00am,2.0
20220802,488250,07:00am,3.0
20220804,488250,07:00pm,0.4
20220805,488250,07:00am,0.9
20220806,488250,07:00am,14.0
20220806,488250,07:00pm,0.2
20220807,488250,07:00am,6.0
20220807,488250,07:00pm,3.0
20220808,488250,07:00pm,1.0
20220809,488250,07:00am,0.4
20220810,488250,07:00pm,5.0
20220811,488250,07:00am,55.0
20220811,488250,07:00pm,99.0
20220812,488250,07:00am,83.0
20220812,488250,07:00pm,10.0
20220814,488250,07:00pm,0.0
20220820,488250,07:00am,9.0
20220820,488250,07:00pm,9.0
20220821,488250,07:00am,29.0
20220821,488250,07:00pm,17.0
20220822,488250,07:00am,3.0
20220823,488250,07:00pm,0.0
20220825,488250,07:00pm,31.0
20220826,488250,07:00am,44.0
20220826,488250,07:00pm,0.0
20220901,488250,07:00pm,11.0
20220904,488250,07:00pm,2.0
20220907,488250,07:00pm,2.0
20220908,488250,07:00am,40.0
20220908,488250,07:00pm,61.0
20220909,488250,07:00am,20.0
20220909,488250,07:00pm,2.0
20220910,488250,07:00am,18.0
20220910,488250,07:00pm,0.7
20220915,488250,07:00pm,1.0
20220916,488250,07:00pm,0.1
20220917,488250,07:00am,0.6
20220917,488250,07:00pm,0.1
20220920,488250,07:00pm,26.0
20220921,488250,07:00pm,2.0
20220922,488250,07:00am,0.1
20220922,488250,07:00pm,25.0
20220923,488250,07:00pm,18.0
20220924,488250,07:00am,3.0
20220924,488250,07:00pm,6.0
20220925,488250,07:00am,18.0
20220925,488250,07:00pm,0.2
20220929,488250,07:00am,0.6
20221004,488250,07:00pm,0.0
20221006,488250,07:00pm,4.0
20221007,488250,07:00pm,1.0
20221009,488250,07:00pm,0.3
20221010,488250,07:00am,0.2
20221019,488250,07:00pm,0.0
20221020,488250,07:00am,10.0
20221020,488250,07:00pm,9.0
20221021,488250,07:00am,1.0
20221021,488250,07:00pm,4.0
20221025,488250,07:00pm,0.1
20221029,488250,07:00pm,0.5
20221113,488250,07:00pm,0.1
20221116,488250,07:00am,0.1
20221116,488250,07:00pm,0.1
20221119,488250,07:00am,1.0
20221119,488250,07:00pm,0.3
20221124,488250,07:00am,4.0
20221124,488250,07:00pm,1.0
20221125,488250,07:00am,1.0
20221125,488250,07:00pm,0.2
20221126,488250,07:00am,1.0
20221126,488250,07:00pm,0.2
20221130,488250,07:00pm,0.1
20221201,488250,07:00am,2.0
20221201,488250,07:00pm,0.1
20221205,488250,07:00am,0.1
20221210,488250,07:00am,0.3
20221210,488250,07:00pm,0.9
20221211,488250,07:00am,0.1
20221228,488250,07:00am,0.1
20221228,488250,07:00pm,10.0
20221229,488250,07:00am,0.1
20230103,488250,07:00am,0.0
20230103,488250,07:00pm,0.0
20230110,488250,07:00pm,0.8
20230111,488250,07:00am,5.0
20230127,488250,07:00am,4.0
20230203,488250,07:00am,3.0
20230203,488250,07:00pm,2.0
20230204,488250,07:00am,2.0
20230204,488250,07:00pm,0.0
20230205,488250,07:00am,1.0
20230205,488250,07:00pm,4.0
20230206,488250,07:00am,0.0
20230207,488250,07:00am,1.0
20230207,488250,07:00pm,0.4
20230208,488250,07:00am,2.0
20230208,488250,07:00pm,0.5
20230209,488250,07:00am,0.9
20230209,488250,07:00pm,0.0
20230210,488250,07:00am,0.4
20230210,488250,07:00pm,0.0
20230211,488250,07:00am,0.0
20230213,488250,07:00am,0.1
20230214,488250,07:00am,1.0
20230219,488250,07:00pm,1.0
20230224,488250,07:00pm,0.5
20230311,488250,07:00pm,0.0
20230312,488250,07:00am,0.1
20230313,488250,07:00am,0.0
20230315,488250,07:00pm,0.1
20230316,488250,07:00am,0.5
20230316,488250,07:00pm,0.0
20230321,488250,07:00am,0.1
20230325,488250,07:00am,2.0
20230325,488250,07:00pm,0.2
20230326,488250,07:00am,2.0
20230326,488250,07:00pm,0.2
20230327,488250,07:00am,0.9
20230327,488250,07:00pm,0.1
20230329,488250,07:00pm,1.0
20230330,488250,07:00am,0.3
20230331,488250,07:00am,1.0
20230331,488250,07:00pm,0.2
20230401,488250,07:00am,0.8
20230401,488250,07:00pm,0.5
20230402,488250,07:00am,0.4
20230403,488250,07:00am,0.1
20230408,488250,07:00am,0.0
20230408,488250,07:00pm,0.0
20230409,488250,07:00am,0.0
20230410,488250,07:00am,0.4
20230410,488250,07:00pm,0.5
20230411,488250,07:00am,2.0
20230411,488250,07:00pm,0.0
20230412,488250,07:00am,4.0
20230412,488250,07:00pm,0.3
20230413,488250,07:00am,2.0
20230413,488250,07:00pm,1.0
20230414,488250,07:00am,4.0
20230414,488250,07:00pm,0.0
20230415,488250,07:00am,2.0
20230415,488250,07:00pm,7.0
20230418,488250,07:00am,0.0
20230418,488250,07:00pm,0.0
20230425,488250,07:00am,0.0
20230425,488250,07:00pm,4.0
20230429,488250,07:00am,10.0
20230429,488250,07:00pm,44.0
20230430,488250,07:00pm,0.5
20230508,488250,07:00am,18.0
20230508,488250,07:00pm,8.0
20230509,488250,07:00am,12.0
20230509,488250,07:00pm,0.1
20230510,488250,07:00am,0.3
20230514,488250,07:00am,0.1
20230514,488250,07:00pm,0.1
20230516,488250,07:00am,0.2
20230520,488250,07:00pm,0.1
20230523,488250,07:00pm,0.1
20230524,488250,07:00am,4.0
20230525,488250,07:00am,5.0
20230525,488250,07:00pm,2.0
20230526,488250,07:00am,5.0
20230528,488250,07:00am,0.1
20230603,488250,07:00am,2.0
20230604,488250,07:00pm,3.0
20230605,488250,07:00am,0.0
20230606,488250,07:00am,0.0
20230606,488250,07:00pm,18.0
20230608,488250,07:00pm,8.0
20230609,488250,07:00am,52.0
20230612,488250,07:00pm,0.7
20230613,488250,07:00am,0.2
20230614,488250,07:00am,27.0
20230618,488250,07:00am,23.0
20230618,488250,07:00pm,16.0
20230620,488250,07:00pm,7.0
20230621,488250,07:00am,11.0
20230621,488250,07:00pm,8.0
20230622,488250,07:00am,18.0
20230623,488250,07:00am,0.9
20230623,488250,07:00pm,0.2
20230624,488250,07:00am,36.0
20230624,488250,07:00pm,5.0
20230625,488250,07:00am,27.0
20230625,488250,07:00pm,4.0
20230626,488250,07:00am,10.0
20230626,488250,07:00pm,4.0
20230627,488250,07:00pm,0.1
20230628,488250,07:00am,6.0
20230628,488250,07:00pm,0.3
20230701,488250,07:00am,0.4
20230702,488250,07:00pm,0.1
20230703,488250,07:00am,2.0
20230705,488250,07:00pm,3.0
20230706,488250,07:00am,0.2
20230708,488250,07:00am,0.1
20230708,488250,07:00pm,0.1
20230710,488250,07:00am,16.0
20230711,488250,07:00am,6.0
20230712,488250,07:00am,0.0
20230713,488250,07:00am,1.0
20230718,488250,07:00am,0.1
20230718,488250,07:00pm,3.0
20230719,488250,07:00am,11.0
20230719,488250,07:00pm,3.0
20230720,488250,07:00am,0.4
20230720,488250,07:00pm,7.0
20230727,488250,07:00pm,0.1
20230728,488250,07:00am,0.1
20230729,488250,07:00pm,3.0
20230730,488250,07:00am,12.0
20230731,488250,07:00am,0.4
20230731,488250,07:00pm,72.0
20230801,488250,07:00am,1.0
20230801,488250,07:00pm,2.0
20230802,488250,07:00am,4.0
20230802,488250,07:00pm,0.6
20230803,488250,07:00pm,13.0
20230804,488250,07:00am,4.0
20230804,488250,07:00pm,22.0
20230805,488250,07:00am,15.0
20230805,488250,07:00pm,42.0
20230810,488250,07:00pm,5.0
20230811,488250,07:00am,0.2
20230811,488250,07:00pm,80.0
20230812,488250,07:00pm,6.0
20230815,488250,07:00am,11.0
20230816,488250,07:00pm,0.4
20230819,488250,07:00am,0.1
20230819,488250,07:00pm,0.7
20230820,488250,07:00pm,46.0
20230824,488250,07:00am,6.0
20230825,488250,07:00am,0.4
20230826,488250,07:00pm,2.0
20230827,488250,07:00am,18.0
20230827,488250,07:00pm,0.1
20230828,488250,07:00am,13.0
20230828,488250,07:00pm,0.2
20230903,488250,07:00pm,0.0
20230904,488250,07:00am,13.0
20230904,488250,07:00pm,1.0
20230908,488250,07:00am,36.0
20230908,488250,07:00pm,0.3
20230909,488250,07:00pm,0.3
20230910,488250,07:00am,2.0
20230910,488250,07:00pm,13.0
20230911,488250,07:00pm,0.0
20230913,488250,07:00am,11.0
20230913,488250,07:00pm,0.1
20230914,488250,07:00am,15.0
20230914,488250,07:00pm,51.0
20230915,488250,07:00am,3.0
20230915,488250,07:00pm,0.4
20230917,488250,07:00am,0.6
20230917,488250,07:00pm,9.0
20230918,488250,07:00am,3.0
20230924,488250,07:00pm,0.0
20230925,488250,07:00pm,21.0
20230926,488250,07:00pm,9.0
20230927,488250,07:00am,6.0
20230927,488250,07:00pm,8.0
20230928,488250,07:00am,53.0
20230928,488250,07:00pm,121.0
20230929,488250,07:00am,0.5
20230929,488250,07:00pm,0.1
20231007,488250,07:00pm,1.0
20231010,488250,07:00am,0.0
20231010,488250,07:00pm,0.1
20231012,488250,07:00pm,0.1
20231024,488250,07:00pm,0.1
20231025,488250,07:00am,0.7
20231028,488250,07:00am,2.0
20231028,488250,07:00pm,0.2
20231029,488250,07:00am,4.0
20231029,488250,07:00pm,0.2
20231030,488250,07:00am,14.0
20231106,488250,07:00pm,0.7
20231107,488250,07:00am,23.0
20231107,488250,07:00pm,0.0
20231112,488250,07:00pm,30.0
20231113,488250,07:00am,3.0
20231113,488250,07:00pm,6.0
20231114,488250,07:00am,0.0
20231116,488250,07:00am,0.3
20231201,488250,07:00am,11.0
20231201,488250,07:00pm,9.0
20231203,488250,07:00pm,0.0
20231205,488250,07:00pm,0.0
20231206,488250,07:00am,1.0
20231206,488250,07:00pm,0.7
20231212,488250,07:00pm,0.0
20231216,488250,07:00pm,0.0
20231217,488250,07:00am,0.0
20231219,488250,07:00am,0.0
20231219,488250,07:00pm,0.0
20231230,488250,07:00am,0.6
20231230,488250,07:00pm,0.1
20231231,488250,07:00am,0.1
20240103,488250,07:00am,0.6
20240103,488250,07:00pm,4.0
20240110,488250,07:00am,2.0
20240110,488250,07:00pm,2.0
20240111,488250,07:00am,6.0
20240111,488250,07:00pm,2.0
20240112,488250,07:00am,4.0
20240112,488250,07:00pm,4.0
20240113,488250,07:00am,2.0
20240113,488250,07:00pm,1.0
20240114,488250,07:00am,1.0
20240114,488250,07:00pm,0.5
20240115,488250,07:00am,0.1
20240116,488250,07:00am,0.6
20240116,488250,07:00pm,2.0
20240117,488250,07:00am,3.0
20240117,488250,07:00pm,6.0
20240118,488250,07:00am,0.7
20240121,488250,07:00am,0.8
20240121,488250,07:00pm,0.9
20240122,488250,07:00am,3.0
20240122,488250,07:00pm,1.0
20240123,488250,07:00pm,0.2
20240127,488250,07:00am,2.0
20240129,488250,07:00am,3.0
20240129,488250,07:00pm,1.0
20240130,488250,07:00am,0.0
20240131,488250,07:00am,0.0
20240131,488250,07:00pm,0.3
20240201,488250,07:00am,0.5
20240201,488250,07:00pm,0.0
20240203,488250,07:00am,0.6
20240204,488250,07:00am,0.4
20240206,488250,07:00am,0.0
20240206,488250,07:00pm,0.0
20240207,488250,07:00am,0.3
20240207,488250,07:00pm,0.1
20240208,488250,07:00am,0.1
20240220,488250,07:00pm,0.0
20240221,488250,07:00am,0.0
20240222,488250,07:00am,0.6
20240222,488250,07:00pm,0.2
20240223,488250,07:00am,3.0
20240223,488250,07:00pm,4.0
20240224,488250,07:00am,2.0
20240224,488250,07:00pm,2.0
20240225,488250,07:00am,1.0
20240226,488250,07:00am,0.0
20240226,488250,07:00pm,0.2
20240227,488250,07:00am,0.5
20240227,488250,07:00pm,0.1
20240228,488250,07:00pm,0.1
20240229,488250,07:00am,0.7
20240229,488250,07:00pm,0.1
20240304,488250,07:00am,0.4
20240304,488250,07:00pm,0.1
20240305,488250,07:00am,0.0
20240309,488250,07:00am,0.0
20240309,488250,07:00pm,0.0
20240310,488250,07:00am,1.0
20240310,488250,07:00pm,0.0
20240311,488250,07:00am,0.1
20240313,488250,07:00pm,0.0
20240314,488250,07:00am,3.0
20240314,488250,07:00pm,1.0
20240315,488250,07:00am,3.0
20240315,488250,07:00pm,0.1
20240316,488250,07:00am,0.1
20240316,488250,07:00pm,0.0
20240317,488250,07:00am,0.0
20240318,488250,07:00am,0.2
20240318,488250,07:00pm,0.2
20240319,488250,07:00am,27.0
20240319,488250,07:00pm,0.9
20240320,488250,07:00am,0.1
20240323,488250,07:00am,0.0
20240324,488250,07:00am,0.1
20240324,488250,07:00pm,0.1
20240325,488250,07:00am,0.1
20240327,488250,07:00am,0.0
20240328,488250,07:00am,0.5
20240329,488250,07:00am,2.0
20240405,488250,07:00am,0.1
20240405,488250,07:00pm,0.1
20240406,488250,07:00am,1.0
20240406,488250,07:00pm,0.0
20240407,488250,07:00am,1.0
20240407,488250,07:00pm,0.0
20240408,488250,07:00am,2.0
20240408,488250,07:00pm,0.0
20240409,488250,07:00am,1.0
20240409,488250,07:00pm,0.0
20240410,488250,07:00am,0.2
20240410,488250,07:00pm,0.0
20240415,488250,07:00pm,0.0
20240416,488250,07:00am,3.0
20240418,488250,07:00am,14.0
20240418,488250,07:00pm,0.0
20240420,488250,07:00pm,9.0
20240421,488250,07:00am,41.0
20240424,488250,07:00am,2.0
20240424,488250,07:00pm,1.0
20240425,488250,07:00am,6.0
20240502,488250,07:00am,32.0
20240502,488250,07:00pm,1.0
20240503,488250,07:00am,34.0
20240503,488250,07:00pm,0.0
20240506,488250,07:00am,0.0
20240506,488250,07:00pm,2.0
20240507,488250,07:00pm,5.0
20240508,488250,07:00pm,5.0
20240509,488250,07:00am,2.0
20240509,488250,07:00pm,2.0
20240510,488250,07:00am,0.1
20240512,488250,07:00pm,17.0
20240513,488250,07:00am,146.0
20240515,488250,07:00pm,0.8
20240516,488250,07:00am,0.2
20240519,488250,07:00pm,44.0
20240520,488250,07:00am,8.0
20240523,488250,07:00am,7.0
20240523,488250,07:00pm,0.0
20240525,488250,07:00am,9.0
20240525,488250,07:00pm,5.0
20240526,488250,07:00am,10.0
20240527,488250,07:00am,0.2
20240530,488250,07:00pm,58.0
20240531,488250,07:00am,23.0
20240531,488250,07:00pm,9.0
20240604,488250,07:00am,3.0
20240604,488250,07:00pm,10.0
20240605,488250,07:00am,58.0
20240605,488250,07:00pm,12.0
20240606,488250,07:00am,1.0
20240606,488250,07:00pm,4.0
20240608,488250,07:00am,32.0
20240608,488250,07:00pm,8.0
20240609,488250,07:00am,25.0
20240609,488250,07:00pm,6.0
20240610,488250,07:00am,2.0
20240610,488250,07:00pm,14.0
20240611,488250,07:00am,4.0
20240611,488250,07:00pm,7.0
20240612,488250,07:00am,0.2
20240616,488250,07:00pm,0.1
20240617,488250,07:00am,3.0
20240618,488250,07:00am,8.0
20240620,488250,07:00am,0.8
20240621,488250,07:00am,0.8
20240621,488250,07:00pm,4.0
20240623,488250,07:00pm,52.0
20240624,488250,07:00am,12.0
20240624,488250,07:00pm,0.1
20240625,488250,07:00am,12.0
20240626,488250,07:00am,2.0
20240626,488250,07:00pm,4.0
20240627,488250,07:00am,6.0
20240627,488250,07:00pm,9.0
20240628,488250,07:00am,0.4
20240629,488250,07:00pm,10.0
20240630,488250,07:00am,3.0
20240703,488250,07:00am,1.0
20240703,488250,07:00pm,7.0
20240704,488250,07:00am,3.0
20240708,488250,07:00pm,0.4
20240709,488250,07:00pm,11.0
20240710,488250,07:00am,0.2
20240711,488250,07:00pm,10.0
20240712,488250,07:00am,1.0
20240713,488250,07:00am,4.0
20240713,488250,07:00pm,12.0
20240714,488250,07:00pm,1.0
20240715,488250,07:00am,13.0
20240715,488250,07:00pm,13.0
20240716,488250,07:00am,5.0
20240716,488250,07:00pm,2.0
20240717,488250,07:00am,2.0
20240717,488250,07:00pm,0.2
20240718,488250,07:00am,21.0
20240718,488250,07:00pm,3.0
20240719,488250,07:00am,11.0
20240719,488250,07:00pm,0.3
20240720,488250,07:00am,3.0
20240720,488250,07:00pm,9.0
20240721,488250,07:00pm,3.0
20240722,488250,07:00am,4.0
20240723,488250,07:00am,10.0
20240723,488250,07:00pm,179.0
20240724,488250,07:00am,101.0
20240724,488250,07:00pm,0.4
20240725,488250,07:00am,9.0
20240725,488250,07:00pm,15.0
20240728,488250,07:00am,35.0
20240729,488250,07:00am,10.0
20240729,488250,07:00pm,18.0
20240730,488250,07:00am,2.0
20240731,488250,07:00am,0.4
20240801,488250,07:00am,0.4
20240801,488250,07:00pm,0.1
20240802,488250,07:00am,7.0
20240802,488250,07:00pm,6.0
20240813,488250,07:00am,20.0
20240813,488250,07:00pm,0.1
20240814,488250,07:00am,13.0
20240815,488250,07:00am,0.5
20240817,488250,07:00pm,34.0
20240820,488250,07:00am,0.6
20240820,488250,07:00pm,4.0
20240821,488250,07:00am,16.0
20240821,488250,07:00pm,22.0
20240823,488250,07:00am,102.0
20240823,488250,07:00pm,0.5
20240824,488250,07:00am,17.0
20240824,488250,07:00pm,15.0
20240825,488250,07:00am,8.0
20240826,488250,07:00pm,41.0
20240827,488250,07:00am,9.0
20240830,488250,07:00am,15.0
20240830,488250,07:00pm,24.0
20240831,488250,07:00pm,0.9
20240901,488250,07:00am,4.0
20240901,488250,07:00pm,1.0
20240902,488250,07:00pm,2.0
20240903,488250,07:00am,40.0
20240903,488250,07:00pm,0.2
20240906,488250,07:00am,0.0
20240906,488250,07:00pm,18.0
20240907,488250,07:00am,1.0
20240907,488250,07:00pm,96.0
20240908,488250,07:00am,133.0
20240908,488250,07:00pm,13.0
20240909,488250,07:00pm,28.0
20240910,488250,07:00am,108.0
20240910,488250,07:00pm,7.0
20240911,488250,07:00am,12.0
20240911,488250,07:00pm,52.0
20240912,488250,07:00am,0.1
20240913,488250,07:00am,46.0
20240914,488250,07:00pm,2.0
20240916,488250,07:00am,91.0
20240916,488250,07:00pm,6.0
20240917,488250,07:00am,1.0
20240917,488250,07:00pm,3.0
20240918,488250,07:00am,2.0
20240918,488250,07:00pm,0.4
20240919,488250,07:00pm,0.0
20240920,488250,07:00am,0.1
20240920,488250,07:00pm,57.0
20240921,488250,07:00am,26.0
20240921,488250,07:00pm,49.0
20240922,488250,07:00am,29.0
20240922,488250,07:00pm,5.0
20240923,488250,07:00am,13.0
20240923,488250,07:00pm,3.0
20240929,488250,07:00pm,31.0
20240930,488250,07:00am,3.0
20240930,488250,07:00pm,0.9
20241001,488250,07:00am,1.0
20241001,488250,07:00pm,4.0
20241002,488250,07:00am,0.1
20241015,488250,07:00pm,30.0
20241016,488250,07:00am,2.0
20241019,488250,07:00pm,0.1
20241021,488250,07:00am,3.0
20241021,488250,07:00pm,31.0
20241027,488250,07:00pm,2.0
20241028,488250,07:00am,2.0
20241028,488250,07:00pm,0.1
20241029,488250,07:00am,0.1
20241029,488250,07:00pm,0.0
20241105,488250,07:00pm,1.0
20241106,488250,07:00am,0.2
