date,station_id,time,temperature
20210101,488200,07:00am,9.0°C
20210101,488200,08:00am,12.0°C
20210101,488200,09:00am,13.0°C
20210101,488200,10:00am,14.0°C
20210101,488200,11:00am,16.0°C
20210101,488200,12:00pm,16.0°C
20210101,488200,01:00pm,18.0°C
20210101,488200,02:00pm,18.0°C
20210101,488200,03:00pm,18.0°C
20210101,488200,04:00pm,18.0°C
20210101,488200,05:00pm,17.0°C
20210101,488200,06:00pm,16.0°C
20210101,488200,07:00pm,16.0°C
20210101,488200,08:00pm,13.0°C
20210101,488200,09:00pm,12.0°C
20210101,488200,10:00pm,11.0°C
20210101,488200,11:00pm,11.0°C
20210101,488200,12:00am,10.0°C
20210101,488200,01:00am,10.0°C
20210101,488200,02:00am,10.0°C
20210101,488200,03:00am,9.0°C
20210101,488200,04:00am,9.0°C
20210101,488200,05:00am,9.0°C
20210101,488200,06:00am,9.0°C
20210102,488200,07:00am,8.0°C
20210102,488200,08:00am,10.0°C
20210102,488200,09:00am,12.0°C
20210102,488200,10:00am,15.0°C
20210102,488200,11:00am,17.0°C
20210102,488200,12:00pm,18.0°C
20210102,488200,01:00pm,19.0°C
20210102,488200,02:00pm,19.0°C
20210102,488200,03:00pm,20.0°C
20210102,488200,04:00pm,19.0°C
20210102,488200,05:00pm,19.0°C
20210102,488200,06:00pm,17.0°C
20210102,488200,07:00pm,15.0°C
20210102,488200,08:00pm,14.0°C
20210102,488200,09:00pm,13.0°C
20210102,488200,10:00pm,15.0°C
20210102,488200,11:00pm,11.0°C
20210102,488200,12:00am,12.0°C
20210102,488200,01:00am,11.0°C
20210102,488200,02:00am,12.0°C
20210102,488200,03:00am,12.0°C
20210102,488200,04:00am,11.0°C
20210102,488200,05:00am,11.0°C
20210102,488200,06:00am,11.0°C
20210103,488200,07:00am,10.0°C
20210103,488200,08:00am,11.0°C
20210103,488200,09:00am,14.0°C
20210103,488200,10:00am,16.0°C
20210103,488200,11:00am,18.0°C
20210103,488200,12:00pm,19.0°C
20210103,488200,01:00pm,20.0°C
20210103,488200,02:00pm,21.0°C
20210103,488200,03:00pm,20.0°C
20210103,488200,04:00pm,19.0°C
20210103,488200,05:00pm,18.0°C
20210103,488200,06:00pm,17.0°C
20210103,488200,07:00pm,16.0°C
20210103,488200,08:00pm,16.0°C
20210103,488200,09:00pm,16.0°C
20210103,488200,10:00pm,16.0°C
20210103,488200,11:00pm,16.0°C
20210103,488200,12:00am,16.0°C
20210103,488200,01:00am,16.0°C
20210103,488200,02:00am,15.0°C
20210103,488200,03:00am,15.0°C
20210103,488200,04:00am,15.0°C
20210103,488200,05:00am,15.0°C
20210103,488200,06:00am,15.0°C
20210104,488200,07:00am,15.0°C
20210104,488200,08:00am,16.0°C
20210104,488200,09:00am,17.0°C
20210104,488200,10:00am,18.0°C
20210104,488200,11:00am,18.0°C
20210104,488200,12:00pm,19.0°C
20210104,488200,01:00pm,19.0°C
20210104,488200,02:00pm,19.0°C
20210104,488200,03:00pm,20.0°C
20210104,488200,04:00pm,20.0°C
20210104,488200,05:00pm,19.0°C
20210104,488200,06:00pm,18.0°C
20210104,488200,07:00pm,18.0°C
20210104,488200,08:00pm,17.0°C
20210104,488200,09:00pm,16.0°C
20210104,488200,10:00pm,14.0°C
20210104,488200,11:00pm,14.0°C
20210104,488200,12:00am,14.0°C
20210104,488200,01:00am,15.0°C
20210104,488200,02:00am,16.0°C
20210104,488200,03:00am,16.0°C
20210104,488200,04:00am,16.0°C
20210104,488200,05:00am,16.0°C
20210104,488200,06:00am,16.0°C
20210105,488200,07:00am,16.0°C
20210105,488200,08:00am,16.0°C
20210105,488200,09:00am,16.0°C
20210105,488200,10:00am,17.0°C
20210105,488200,11:00am,19.0°C
20210105,488200,12:00pm,19.0°C
20210105,488200,01:00pm,20.0°C
20210105,488200,02:00pm,19.0°C
20210105,488200,03:00pm,19.0°C
20210105,488200,04:00pm,19.0°C
20210105,488200,05:00pm,19.0°C
20210105,488200,06:00pm,18.0°C
20210105,488200,07:00pm,18.0°C
20210105,488200,08:00pm,18.0°C
20210105,488200,09:00pm,18.0°C
20210105,488200,10:00pm,17.0°C
20210105,488200,11:00pm,17.0°C
20210105,488200,12:00am,17.0°C
20210105,488200,01:00am,17.0°C
20210105,488200,02:00am,16.0°C
20210105,488200,03:00am,16.0°C
20210105,488200,04:00am,16.0°C
20210105,488200,05:00am,16.0°C
20210105,488200,06:00am,16.0°C
20210106,488200,07:00am,16.0°C
20210106,488200,08:00am,16.0°C
20210106,488200,09:00am,16.0°C
20210106,488200,10:00am,16.0°C
20210106,488200,11:00am,16.0°C
20210106,488200,12:00pm,16.0°C
20210106,488200,01:00pm,17.0°C
20210106,488200,02:00pm,17.0°C
20210106,488200,03:00pm,17.0°C
20210106,488200,04:00pm,17.0°C
20210106,488200,05:00pm,17.0°C
20210106,488200,06:00pm,16.0°C
20210106,488200,07:00pm,16.0°C
20210106,488200,08:00pm,16.0°C
20210106,488200,09:00pm,16.0°C
20210106,488200,10:00pm,17.0°C
20210106,488200,11:00pm,16.0°C
20210106,488200,12:00am,16.0°C
20210106,488200,01:00am,16.0°C
20210106,488200,02:00am,16.0°C
20210106,488200,03:00am,16.0°C
20210106,488200,04:00am,16.0°C
20210106,488200,05:00am,15.0°C
20210106,488200,06:00am,15.0°C
20210107,488200,07:00am,15.0°C
20210107,488200,08:00am,15.0°C
20210107,488200,09:00am,14.0°C
20210107,488200,10:00am,14.0°C
20210107,488200,11:00am,15.0°C
20210107,488200,12:00pm,15.0°C
20210107,488200,01:00pm,14.0°C
20210107,488200,02:00pm,14.0°C
20210107,488200,03:00pm,14.0°C
20210107,488200,04:00pm,14.0°C
20210107,488200,05:00pm,14.0°C
20210107,488200,06:00pm,14.0°C
20210107,488200,07:00pm,13.0°C
20210107,488200,08:00pm,13.0°C
20210107,488200,09:00pm,13.0°C
20210107,488200,10:00pm,13.0°C
20210107,488200,11:00pm,12.0°C
20210107,488200,12:00am,12.0°C
20210107,488200,01:00am,12.0°C
20210107,488200,02:00am,12.0°C
20210107,488200,03:00am,11.0°C
20210107,488200,04:00am,11.0°C
20210107,488200,05:00am,11.0°C
20210107,488200,06:00am,10.0°C
20210108,488200,07:00am,10.0°C
20210108,488200,08:00am,10.0°C
20210108,488200,09:00am,10.0°C
20210108,488200,10:00am,11.0°C
20210108,488200,11:00am,11.0°C
20210108,488200,12:00pm,11.0°C
20210108,488200,01:00pm,12.0°C
20210108,488200,02:00pm,12.0°C
20210108,488200,03:00pm,12.0°C
20210108,488200,04:00pm,12.0°C
20210108,488200,05:00pm,12.0°C
20210108,488200,06:00pm,11.0°C
20210108,488200,07:00pm,11.0°C
20210108,488200,08:00pm,11.0°C
20210108,488200,09:00pm,10.0°C
20210108,488200,10:00pm,10.0°C
20210108,488200,11:00pm,10.0°C
20210108,488200,12:00am,9.0°C
20210108,488200,01:00am,10.0°C
20210108,488200,02:00am,10.0°C
20210108,488200,03:00am,9.0°C
20210108,488200,04:00am,9.0°C
20210108,488200,05:00am,9.0°C
20210108,488200,06:00am,9.0°C
20210109,488200,07:00am,9.0°C
20210109,488200,08:00am,10.0°C
20210109,488200,09:00am,10.0°C
20210109,488200,10:00am,11.0°C
20210109,488200,11:00am,10.0°C
20210109,488200,12:00pm,11.0°C
20210109,488200,01:00pm,11.0°C
20210109,488200,02:00pm,11.0°C
20210109,488200,03:00pm,12.0°C
20210109,488200,04:00pm,12.0°C
20210109,488200,05:00pm,11.0°C
20210109,488200,06:00pm,11.0°C
20210109,488200,07:00pm,11.0°C
20210109,488200,08:00pm,11.0°C
20210109,488200,09:00pm,11.0°C
20210109,488200,10:00pm,10.0°C
20210109,488200,11:00pm,10.0°C
20210109,488200,12:00am,10.0°C
20210109,488200,01:00am,10.0°C
20210109,488200,02:00am,10.0°C
20210109,488200,03:00am,10.0°C
20210109,488200,04:00am,10.0°C
20210109,488200,05:00am,10.0°C
20210109,488200,06:00am,10.0°C
20210110,488200,07:00am,10.0°C
20210110,488200,08:00am,10.0°C
20210110,488200,09:00am,10.0°C
20210110,488200,10:00am,11.0°C
20210110,488200,11:00am,12.0°C
20210110,488200,12:00pm,12.0°C
20210110,488200,01:00pm,12.0°C
20210110,488200,02:00pm,12.0°C
20210110,488200,03:00pm,12.0°C
20210110,488200,04:00pm,13.0°C
20210110,488200,05:00pm,12.0°C
20210110,488200,06:00pm,12.0°C
20210110,488200,07:00pm,12.0°C
20210110,488200,08:00pm,12.0°C
20210110,488200,09:00pm,11.0°C
20210110,488200,10:00pm,12.0°C
20210110,488200,11:00pm,11.0°C
20210110,488200,12:00am,12.0°C
20210110,488200,01:00am,11.0°C
20210110,488200,02:00am,11.0°C
20210110,488200,03:00am,11.0°C
20210110,488200,04:00am,11.0°C
20210110,488200,05:00am,12.0°C
20210110,488200,06:00am,11.0°C
20210111,488200,07:00am,11.0°C
20210111,488200,08:00am,11.0°C
20210111,488200,09:00am,12.0°C
20210111,488200,10:00am,12.0°C
20210111,488200,11:00am,13.0°C
20210111,488200,12:00pm,14.0°C
20210111,488200,01:00pm,16.0°C
20210111,488200,02:00pm,15.0°C
20210111,488200,03:00pm,16.0°C
20210111,488200,04:00pm,16.0°C
20210111,488200,05:00pm,15.0°C
20210111,488200,06:00pm,14.0°C
20210111,488200,07:00pm,14.0°C
20210111,488200,08:00pm,13.0°C
20210111,488200,09:00pm,13.0°C
20210111,488200,10:00pm,13.0°C
20210111,488200,11:00pm,13.0°C
20210111,488200,12:00am,12.0°C
20210111,488200,01:00am,12.0°C
20210111,488200,02:00am,12.0°C
20210111,488200,03:00am,11.0°C
20210111,488200,04:00am,12.0°C
20210111,488200,05:30am,11.0°C
20210111,488200,06:00am,12.0°C
20210112,488200,07:00am,12.0°C
20210112,488200,08:00am,13.0°C
20210112,488200,09:00am,14.0°C
20210112,488200,10:00am,15.0°C
20210112,488200,11:30am,17.0°C
20210112,488200,12:00pm,18.0°C
20210112,488200,01:00pm,19.0°C
20210112,488200,02:00pm,18.0°C
20210112,488200,03:00pm,19.0°C
20210112,488200,04:00pm,17.0°C
20210112,488200,05:00pm,17.0°C
20210112,488200,06:00pm,17.0°C
20210112,488200,07:00pm,17.0°C
20210112,488200,08:00pm,16.0°C
20210112,488200,09:00pm,15.0°C
20210112,488200,10:00pm,15.0°C
20210112,488200,11:00pm,14.0°C
20210112,488200,12:00am,14.0°C
20210112,488200,01:00am,13.0°C
20210112,488200,02:00am,13.0°C
20210112,488200,03:00am,11.0°C
20210112,488200,04:00am,10.0°C
20210112,488200,05:00am,10.0°C
20210112,488200,06:00am,10.0°C
20210113,488200,07:00am,10.0°C
20210113,488200,08:00am,11.0°C
20210113,488200,09:00am,14.0°C
20210113,488200,10:00am,16.0°C
20210113,488200,11:00am,18.0°C
20210113,488200,12:00pm,19.0°C
20210113,488200,01:00pm,20.0°C
20210113,488200,02:00pm,20.0°C
20210113,488200,03:00pm,21.0°C
20210113,488200,04:00pm,20.0°C
20210113,488200,05:00pm,20.0°C
20210113,488200,06:00pm,19.0°C
20210113,488200,07:00pm,18.0°C
20210113,488200,08:00pm,16.0°C
20210113,488200,09:00pm,16.0°C
20210113,488200,10:00pm,15.0°C
20210113,488200,11:00pm,14.0°C
20210113,488200,12:00am,13.0°C
20210113,488200,01:00am,13.0°C
20210113,488200,02:00am,13.0°C
20210113,488200,03:00am,13.0°C
20210113,488200,04:30am,12.0°C
20210113,488200,05:00am,11.0°C
20210113,488200,06:00am,11.0°C
20210114,488200,07:00am,10.0°C
20210114,488200,08:00am,12.0°C
20210114,488200,09:00am,14.0°C
20210114,488200,10:00am,16.0°C
20210114,488200,11:00am,18.0°C
20210114,488200,12:00pm,19.0°C
20210114,488200,01:00pm,20.0°C
20210114,488200,02:00pm,21.0°C
20210114,488200,03:00pm,21.0°C
20210114,488200,04:00pm,21.0°C
20210114,488200,05:00pm,20.0°C
20210114,488200,06:00pm,19.0°C
20210114,488200,07:00pm,19.0°C
20210114,488200,08:00pm,17.0°C
20210114,488200,09:00pm,16.0°C
20210114,488200,10:00pm,15.0°C
20210114,488200,11:00pm,14.0°C
20210114,488200,12:00am,14.0°C
20210114,488200,01:00am,14.0°C
20210114,488200,02:00am,14.0°C
20210114,488200,03:00am,15.0°C
20210114,488200,04:00am,15.0°C
20210114,488200,05:30am,14.0°C
20210114,488200,06:00am,13.0°C
20210115,488200,07:00am,14.0°C
20210115,488200,08:00am,14.0°C
20210115,488200,09:00am,15.0°C
20210115,488200,10:00am,16.0°C
20210115,488200,11:00am,17.0°C
20210115,488200,12:00pm,17.0°C
20210115,488200,01:00pm,18.0°C
20210115,488200,02:00pm,19.0°C
20210115,488200,03:00pm,19.0°C
20210115,488200,04:00pm,19.0°C
20210115,488200,05:00pm,19.0°C
20210115,488200,06:00pm,18.0°C
20210115,488200,07:00pm,18.0°C
20210115,488200,08:00pm,18.0°C
20210115,488200,09:00pm,18.0°C
20210115,488200,10:00pm,17.0°C
20210115,488200,11:00pm,17.0°C
20210115,488200,12:00am,17.0°C
20210115,488200,01:00am,17.0°C
20210115,488200,02:00am,17.0°C
20210115,488200,03:00am,17.0°C
20210115,488200,04:00am,17.0°C
20210115,488200,05:00am,17.0°C
20210115,488200,06:00am,16.0°C
20210116,488200,07:00am,17.0°C
20210116,488200,08:00am,17.0°C
20210116,488200,09:00am,17.0°C
20210116,488200,10:00am,18.0°C
20210116,488200,11:00am,19.0°C
20210116,488200,12:00pm,19.0°C
20210116,488200,01:00pm,20.0°C
20210116,488200,02:00pm,20.0°C
20210116,488200,03:00pm,20.0°C
20210116,488200,04:00pm,20.0°C
20210116,488200,05:00pm,19.0°C
20210116,488200,06:00pm,19.0°C
20210116,488200,07:00pm,19.0°C
20210116,488200,08:00pm,19.0°C
20210116,488200,09:00pm,18.0°C
20210116,488200,10:00pm,18.0°C
20210116,488200,11:00pm,18.0°C
20210116,488200,12:00am,18.0°C
20210116,488200,01:00am,17.0°C
20210116,488200,02:00am,17.0°C
20210116,488200,03:00am,17.0°C
20210116,488200,04:00am,17.0°C
20210116,488200,05:00am,17.0°C
20210116,488200,06:00am,16.0°C
20210117,488200,07:00am,16.0°C
20210117,488200,08:00am,16.0°C
20210117,488200,09:00am,16.0°C
20210117,488200,10:00am,16.0°C
20210117,488200,11:00am,16.0°C
20210117,488200,12:00pm,16.0°C
20210117,488200,01:00pm,15.0°C
20210117,488200,02:00pm,15.0°C
20210117,488200,03:00pm,15.0°C
20210117,488200,04:00pm,15.0°C
20210117,488200,05:00pm,15.0°C
20210117,488200,06:00pm,15.0°C
20210117,488200,07:00pm,14.0°C
20210117,488200,08:00pm,14.0°C
20210117,488200,09:00pm,14.0°C
20210117,488200,10:00pm,13.0°C
20210118,488200,07:00am,12.0°C
20210118,488200,08:00am,13.0°C
20210118,488200,09:00am,15.0°C
20210118,488200,10:00am,16.0°C
20210118,488200,11:00am,17.0°C
20210118,488200,12:00pm,18.0°C
20210118,488200,01:00pm,19.0°C
20210118,488200,02:00pm,19.0°C
20210118,488200,03:00pm,19.0°C
20210118,488200,04:00pm,19.0°C
20210118,488200,05:00pm,19.0°C
20210118,488200,06:00pm,17.0°C
20210118,488200,07:00pm,17.0°C
20210118,488200,08:00pm,16.0°C
20210118,488200,09:00pm,14.0°C
20210118,488200,10:00pm,15.0°C
20210118,488200,11:00pm,13.0°C
20210118,488200,12:00am,11.0°C
20210118,488200,01:00am,11.0°C
20210118,488200,02:00am,11.0°C
20210118,488200,03:00am,11.0°C
20210118,488200,04:00am,11.0°C
20210118,488200,05:00am,10.0°C
20210118,488200,06:00am,10.0°C
20210119,488200,07:00am,10.0°C
20210119,488200,08:00am,12.0°C
20210119,488200,09:00am,14.0°C
20210119,488200,10:00am,16.0°C
20210119,488200,11:00am,17.0°C
20210119,488200,12:00pm,19.0°C
20210119,488200,01:00pm,20.0°C
20210119,488200,02:00pm,21.0°C
20210119,488200,03:00pm,21.0°C
20210119,488200,04:00pm,21.0°C
20210119,488200,05:30pm,20.0°C
20210119,488200,06:00pm,19.0°C
20210119,488200,07:00pm,17.0°C
20210119,488200,08:00pm,17.0°C
20210119,488200,09:00pm,16.0°C
20210119,488200,10:00pm,15.0°C
20210119,488200,11:00pm,14.0°C
20210119,488200,12:00am,13.0°C
20210119,488200,01:00am,12.0°C
20210119,488200,02:00am,12.0°C
20210119,488200,03:00am,12.0°C
20210119,488200,04:00am,12.0°C
20210119,488200,05:00am,13.0°C
20210119,488200,06:00am,13.0°C
20210120,488200,07:00am,13.0°C
20210120,488200,08:00am,14.0°C
20210120,488200,09:00am,15.0°C
20210120,488200,10:00am,15.0°C
20210120,488200,11:00am,17.0°C
20210120,488200,12:00pm,18.0°C
20210120,488200,01:00pm,19.0°C
20210120,488200,02:00pm,20.0°C
20210120,488200,03:00pm,20.0°C
20210120,488200,04:00pm,21.0°C
20210120,488200,05:00pm,20.0°C
20210120,488200,06:00pm,18.0°C
20210120,488200,07:00pm,19.0°C
20210120,488200,08:00pm,18.0°C
20210120,488200,09:00pm,18.0°C
20210120,488200,10:00pm,17.0°C
20210120,488200,11:00pm,17.0°C
20210120,488200,12:00am,17.0°C
20210120,488200,01:00am,16.0°C
20210120,488200,02:00am,16.0°C
20210120,488200,03:00am,16.0°C
20210120,488200,04:00am,16.0°C
20210120,488200,05:00am,16.0°C
20210120,488200,06:00am,16.0°C
20210121,488200,07:00am,16.0°C
20210121,488200,08:00am,16.0°C
20210121,488200,09:00am,16.0°C
20210121,488200,10:00am,16.0°C
20210121,488200,11:00am,16.0°C
20210121,488200,12:00pm,16.0°C
20210121,488200,01:00pm,17.0°C
20210121,488200,02:00pm,17.0°C
20210121,488200,03:00pm,18.0°C
20210121,488200,04:00pm,18.0°C
20210121,488200,05:00pm,18.0°C
20210121,488200,06:00pm,18.0°C
20210121,488200,07:00pm,18.0°C
20210121,488200,08:00pm,18.0°C
20210121,488200,09:00pm,18.0°C
20210121,488200,10:00pm,18.0°C
20210121,488200,11:00pm,17.0°C
20210121,488200,12:00am,17.0°C
20210121,488200,01:00am,17.0°C
20210121,488200,02:00am,17.0°C
20210121,488200,03:00am,17.0°C
20210121,488200,04:00am,16.0°C
20210121,488200,05:00am,16.0°C
20210121,488200,06:00am,16.0°C
20210122,488200,07:00am,16.0°C
20210122,488200,08:00am,17.0°C
20210122,488200,09:00am,19.0°C
20210122,488200,10:00am,21.0°C
20210122,488200,11:00am,20.0°C
20210122,488200,12:00pm,22.0°C
20210122,488200,01:00pm,22.0°C
20210122,488200,02:00pm,23.0°C
20210122,488200,03:00pm,23.0°C
20210122,488200,04:00pm,22.0°C
20210122,488200,05:00pm,22.0°C
20210122,488200,06:00pm,21.0°C
20210122,488200,07:00pm,20.0°C
20210122,488200,08:00pm,18.0°C
20210122,488200,09:00pm,18.0°C
20210122,488200,10:00pm,18.0°C
20210122,488200,11:00pm,18.0°C
20210122,488200,12:00am,17.0°C
20210122,488200,01:00am,16.0°C
20210122,488200,02:00am,16.0°C
20210122,488200,03:00am,15.0°C
20210122,488200,04:00am,15.0°C
20210122,488200,05:00am,14.0°C
20210122,488200,06:00am,14.0°C
20210123,488200,07:00am,14.0°C
20210123,488200,08:00am,15.0°C
20210123,488200,09:00am,17.0°C
20210123,488200,10:00am,18.0°C
20210123,488200,11:00am,19.0°C
20210123,488200,12:00pm,21.0°C
20210123,488200,01:00pm,23.0°C
20210123,488200,02:00pm,23.0°C
20210123,488200,03:00pm,23.0°C
20210123,488200,04:00pm,23.0°C
20210123,488200,05:00pm,23.0°C
20210123,488200,06:00pm,22.0°C
20210123,488200,07:00pm,21.0°C
20210123,488200,08:00pm,22.0°C
20210123,488200,09:00pm,21.0°C
20210123,488200,10:00pm,20.0°C
20210123,488200,11:00pm,20.0°C
20210123,488200,12:00am,19.0°C
20210123,488200,01:00am,18.0°C
20210123,488200,02:00am,17.0°C
20210123,488200,03:00am,17.0°C
20210123,488200,04:00am,17.0°C
20210123,488200,05:00am,17.0°C
20210123,488200,06:00am,16.0°C
20210124,488200,07:00am,15.0°C
20210124,488200,08:00am,17.0°C
20210124,488200,09:00am,18.0°C
20210124,488200,10:00am,19.0°C
20210124,488200,11:00am,21.0°C
20210124,488200,12:00pm,21.0°C
20210124,488200,01:00pm,23.0°C
20210124,488200,02:00pm,24.0°C
20210124,488200,03:00pm,24.0°C
20210124,488200,04:00pm,24.0°C
20210124,488200,05:00pm,24.0°C
20210124,488200,06:00pm,23.0°C
20210124,488200,07:00pm,21.0°C
20210124,488200,08:00pm,21.0°C
20210124,488200,09:00pm,20.0°C
20210124,488200,10:00pm,20.0°C
20210124,488200,11:00pm,20.0°C
20210124,488200,12:00am,20.0°C
20210124,488200,01:00am,20.0°C
20210124,488200,02:00am,20.0°C
20210124,488200,03:00am,20.0°C
20210124,488200,04:00am,20.0°C
20210124,488200,05:00am,19.0°C
20210124,488200,06:00am,19.0°C
20210125,488200,07:00am,19.0°C
20210125,488200,08:00am,19.0°C
20210125,488200,09:00am,20.0°C
20210125,488200,10:00am,20.0°C
20210125,488200,11:00am,21.0°C
20210125,488200,12:00pm,21.0°C
20210125,488200,01:00pm,22.0°C
20210125,488200,02:00pm,22.0°C
20210125,488200,03:00pm,22.0°C
20210125,488200,04:00pm,22.0°C
20210125,488200,05:00pm,21.0°C
20210125,488200,06:00pm,21.0°C
20210125,488200,07:00pm,21.0°C
20210125,488200,08:00pm,21.0°C
20210125,488200,09:00pm,21.0°C
20210125,488200,10:00pm,21.0°C
20210125,488200,11:00pm,20.0°C
20210125,488200,12:00am,20.0°C
20210125,488200,01:00am,20.0°C
20210125,488200,02:00am,20.0°C
20210125,488200,03:00am,20.0°C
20210125,488200,04:00am,19.0°C
20210125,488200,05:00am,19.0°C
20210125,488200,06:00am,19.0°C
20210126,488200,07:00am,19.0°C
20210126,488200,08:00am,20.0°C
20210126,488200,09:00am,21.0°C
20210126,488200,10:00am,22.0°C
20210126,488200,11:00am,23.0°C
20210126,488200,12:00pm,24.0°C
20210126,488200,01:00pm,25.0°C
20210126,488200,02:00pm,25.0°C
20210126,488200,03:00pm,25.0°C
20210126,488200,04:00pm,25.0°C
20210126,488200,05:00pm,24.0°C
20210126,488200,06:00pm,23.0°C
20210126,488200,07:00pm,21.0°C
20210126,488200,08:00pm,21.0°C
20210126,488200,09:00pm,20.0°C
20210126,488200,10:00pm,20.0°C
20210126,488200,11:00pm,19.0°C
20210126,488200,12:00am,19.0°C
20210126,488200,01:00am,19.0°C
20210126,488200,02:00am,19.0°C
20210126,488200,03:00am,18.0°C
20210126,488200,04:00am,18.0°C
20210126,488200,05:00am,19.0°C
20210126,488200,06:00am,19.0°C
20210127,488200,07:00am,19.0°C
20210127,488200,08:00am,19.0°C
20210127,488200,09:00am,20.0°C
20210127,488200,10:00am,21.0°C
20210127,488200,11:00am,22.0°C
20210127,488200,12:00pm,23.0°C
20210127,488200,01:00pm,23.0°C
20210127,488200,02:00pm,23.0°C
20210127,488200,03:00pm,23.0°C
20210127,488200,04:00pm,23.0°C
20210127,488200,05:00pm,23.0°C
20210127,488200,06:00pm,22.0°C
20210127,488200,07:00pm,22.0°C
20210127,488200,08:00pm,21.0°C
20210127,488200,09:00pm,21.0°C
20210127,488200,10:00pm,21.0°C
20210127,488200,11:00pm,20.0°C
20210127,488200,12:00am,20.0°C
20210127,488200,01:00am,20.0°C
20210127,488200,02:00am,20.0°C
20210127,488200,03:00am,19.0°C
20210127,488200,04:00am,19.0°C
20210127,488200,05:00am,19.0°C
20210127,488200,06:00am,19.0°C
20210128,488200,07:00am,19.0°C
20210128,488200,08:00am,20.0°C
20210128,488200,09:00am,18.0°C
20210128,488200,10:00am,17.0°C
20210128,488200,11:00am,18.0°C
20210128,488200,12:00pm,18.0°C
20210128,488200,01:00pm,18.0°C
20210128,488200,02:00pm,18.0°C
20210128,488200,03:00pm,19.0°C
20210128,488200,04:00pm,18.0°C
20210128,488200,05:00pm,18.0°C
20210128,488200,06:00pm,18.0°C
20210128,488200,07:00pm,17.0°C
20210128,488200,08:00pm,17.0°C
20210128,488200,09:00pm,17.0°C
20210128,488200,10:00pm,16.0°C
20210128,488200,11:00pm,16.0°C
20210128,488200,12:00am,16.0°C
20210128,488200,01:00am,16.0°C
20210128,488200,02:00am,16.0°C
20210128,488200,03:00am,16.0°C
20210128,488200,04:00am,17.0°C
20210128,488200,05:00am,16.0°C
20210128,488200,06:00am,16.0°C
20210129,488200,07:00am,16.0°C
20210129,488200,08:00am,17.0°C
20210129,488200,09:00am,17.0°C
20210129,488200,10:00am,18.0°C
20210129,488200,11:00am,19.0°C
20210129,488200,12:00pm,20.0°C
20210129,488200,01:00pm,21.0°C
20210129,488200,02:00pm,22.0°C
20210129,488200,03:00pm,22.0°C
20210129,488200,04:00pm,22.0°C
20210129,488200,05:00pm,21.0°C
20210129,488200,06:00pm,20.0°C
20210129,488200,07:00pm,20.0°C
20210129,488200,08:00pm,19.0°C
20210129,488200,09:00pm,18.0°C
20210129,488200,10:00pm,17.0°C
20210129,488200,11:00pm,17.0°C
20210129,488200,12:00am,16.0°C
20210129,488200,01:00am,15.0°C
20210129,488200,02:00am,15.0°C
20210129,488200,03:00am,15.0°C
20210129,488200,04:00am,15.0°C
20210129,488200,05:00am,16.0°C
20210129,488200,06:00am,16.0°C
20210130,488200,07:00am,16.0°C
20210130,488200,08:00am,16.0°C
20210130,488200,09:00am,17.0°C
20210130,488200,10:00am,17.0°C
20210130,488200,11:00am,18.0°C
20210130,488200,12:00pm,19.0°C
20210130,488200,01:00pm,19.0°C
20210130,488200,02:00pm,19.0°C
20210130,488200,03:00pm,19.0°C
20210130,488200,04:00pm,18.0°C
20210130,488200,05:00pm,19.0°C
20210130,488200,06:00pm,18.0°C
20210130,488200,07:00pm,18.0°C
20210130,488200,08:00pm,18.0°C
20210130,488200,09:00pm,18.0°C
20210130,488200,10:00pm,18.0°C
20210130,488200,11:00pm,18.0°C
20210130,488200,12:00am,18.0°C
20210130,488200,01:00am,18.0°C
20210130,488200,02:00am,18.0°C
20210130,488200,03:00am,17.0°C
20210130,488200,04:00am,18.0°C
20210130,488200,05:00am,17.0°C
20210130,488200,06:00am,17.0°C
20210131,488200,07:00am,18.0°C
20210131,488200,08:00am,18.0°C
20210131,488200,09:00am,19.0°C
20210131,488200,10:00am,19.0°C
20210131,488200,11:00am,19.0°C
20210131,488200,12:00pm,19.0°C
20210131,488200,01:00pm,18.0°C
20210131,488200,02:00pm,18.0°C
20210131,488200,03:00pm,18.0°C
20210131,488200,04:00pm,18.0°C
20210131,488200,05:00pm,18.0°C
20210131,488200,06:00pm,18.0°C
20210131,488200,07:00pm,18.0°C
20210131,488200,08:00pm,19.0°C
20210131,488200,09:00pm,19.0°C
20210131,488200,10:00pm,19.0°C
20210131,488200,11:00pm,19.0°C
20210131,488200,12:00am,19.0°C
20210131,488200,01:00am,18.0°C
20210131,488200,02:00am,18.0°C
20210131,488200,03:00am,18.0°C
20210131,488200,04:00am,18.0°C
20210131,488200,05:00am,18.0°C
20210131,488200,06:00am,18.0°C
20210201,488200,07:00am,18.0°C
20210201,488200,08:00am,19.0°C
20210201,488200,09:00am,20.0°C
20210201,488200,10:00am,20.0°C
20210201,488200,11:00am,21.0°C
20210201,488200,12:00pm,22.0°C
20210201,488200,01:00pm,22.0°C
20210201,488200,02:00pm,22.0°C
20210201,488200,03:00pm,22.0°C
20210201,488200,04:00pm,23.0°C
20210201,488200,05:00pm,23.0°C
20210201,488200,06:00pm,22.0°C
20210201,488200,07:00pm,22.0°C
20210201,488200,08:00pm,22.0°C
20210201,488200,09:00pm,20.0°C
20210201,488200,10:00pm,20.0°C
20210201,488200,11:00pm,19.0°C
20210201,488200,12:00am,19.0°C
20210201,488200,01:00am,19.0°C
20210201,488200,02:00am,19.0°C
20210201,488200,03:00am,19.0°C
20210201,488200,04:00am,19.0°C
20210201,488200,05:00am,19.0°C
20210201,488200,06:00am,19.0°C
20210202,488200,07:00am,19.0°C
20210202,488200,08:00am,19.0°C
20210202,488200,09:00am,20.0°C
20210202,488200,10:00am,21.0°C
20210202,488200,11:00am,22.0°C
20210202,488200,12:00pm,22.0°C
20210202,488200,01:00pm,23.0°C
20210202,488200,02:00pm,22.0°C
20210202,488200,03:00pm,23.0°C
20210202,488200,04:00pm,22.0°C
20210202,488200,05:00pm,22.0°C
20210202,488200,06:00pm,22.0°C
20210202,488200,07:00pm,21.0°C
20210202,488200,08:00pm,21.0°C
20210202,488200,09:00pm,21.0°C
20210202,488200,10:00pm,20.0°C
20210202,488200,11:00pm,20.0°C
20210202,488200,12:30am,20.0°C
20210202,488200,01:00am,19.0°C
20210202,488200,02:00am,19.0°C
20210202,488200,03:00am,19.0°C
20210202,488200,04:00am,19.0°C
20210202,488200,05:00am,18.0°C
20210202,488200,06:00am,18.0°C
20210203,488200,07:00am,18.0°C
20210203,488200,08:00am,19.0°C
20210203,488200,09:00am,20.0°C
20210203,488200,10:00am,21.0°C
20210203,488200,11:00am,22.0°C
20210203,488200,12:00pm,23.0°C
20210203,488200,01:00pm,24.0°C
20210203,488200,02:00pm,26.0°C
20210203,488200,03:00pm,26.0°C
20210203,488200,04:00pm,25.0°C
20210203,488200,05:00pm,25.0°C
20210203,488200,06:00pm,24.0°C
20210203,488200,07:00pm,22.0°C
20210203,488200,08:00pm,21.0°C
20210203,488200,09:00pm,20.0°C
20210203,488200,10:00pm,20.0°C
20210203,488200,11:00pm,19.0°C
20210203,488200,12:00am,19.0°C
20210203,488200,01:00am,19.0°C
20210203,488200,02:00am,18.0°C
20210203,488200,03:00am,17.0°C
20210203,488200,04:00am,18.0°C
20210203,488200,05:00am,18.0°C
20210203,488200,06:00am,18.0°C
20210204,488200,07:00am,18.0°C
20210204,488200,08:00am,19.0°C
20210204,488200,09:00am,19.0°C
20210204,488200,10:00am,19.0°C
20210204,488200,11:00am,20.0°C
20210204,488200,12:00pm,21.0°C
20210204,488200,01:00pm,22.0°C
20210204,488200,02:00pm,22.0°C
20210204,488200,03:00pm,24.0°C
20210204,488200,04:00pm,24.0°C
20210204,488200,05:00pm,23.0°C
20210204,488200,06:00pm,22.0°C
20210204,488200,07:00pm,21.0°C
20210204,488200,08:00pm,19.0°C
20210204,488200,09:00pm,19.0°C
20210204,488200,10:00pm,19.0°C
20210204,488200,11:00pm,19.0°C
20210204,488200,12:00am,18.0°C
20210204,488200,01:00am,17.0°C
20210204,488200,02:00am,17.0°C
20210204,488200,03:00am,17.0°C
20210204,488200,04:00am,17.0°C
20210204,488200,05:00am,18.0°C
20210204,488200,06:00am,18.0°C
20210205,488200,07:00am,18.0°C
20210205,488200,08:00am,18.0°C
20210205,488200,09:00am,20.0°C
20210205,488200,10:00am,22.0°C
20210205,488200,11:00am,23.0°C
20210205,488200,12:00pm,24.0°C
20210205,488200,01:00pm,24.0°C
20210205,488200,02:00pm,25.0°C
20210205,488200,03:00pm,26.0°C
20210205,488200,04:00pm,26.0°C
20210205,488200,05:00pm,25.0°C
20210205,488200,06:00pm,24.0°C
20210205,488200,07:00pm,23.0°C
20210205,488200,08:00pm,22.0°C
20210205,488200,09:00pm,21.0°C
20210205,488200,10:00pm,20.0°C
20210205,488200,11:00pm,20.0°C
20210205,488200,12:00am,19.0°C
20210205,488200,01:00am,18.0°C
20210205,488200,02:00am,17.0°C
20210205,488200,03:00am,17.0°C
20210205,488200,04:00am,17.0°C
20210205,488200,05:00am,17.0°C
20210205,488200,06:00am,18.0°C
20210206,488200,07:00am,18.0°C
20210206,488200,08:00am,19.0°C
20210206,488200,09:00am,19.0°C
20210206,488200,10:00am,20.0°C
20210206,488200,11:00am,21.0°C
20210206,488200,12:00pm,22.0°C
20210206,488200,01:00pm,22.0°C
20210206,488200,02:00pm,23.0°C
20210206,488200,03:00pm,24.0°C
20210206,488200,04:00pm,25.0°C
20210206,488200,05:00pm,24.0°C
20210206,488200,06:00pm,22.0°C
20210206,488200,07:30pm,21.0°C
20210206,488200,08:00pm,21.0°C
20210206,488200,09:00pm,21.0°C
20210206,488200,10:00pm,21.0°C
20210206,488200,11:00pm,20.0°C
20210206,488200,12:00am,19.0°C
20210206,488200,01:00am,18.0°C
20210206,488200,02:00am,17.0°C
20210206,488200,03:00am,17.0°C
20210206,488200,04:00am,17.0°C
20210206,488200,05:00am,17.0°C
20210206,488200,06:00am,17.0°C
20210207,488200,07:00am,17.0°C
20210207,488200,08:00am,18.0°C
20210207,488200,09:00am,19.0°C
20210207,488200,10:00am,21.0°C
20210207,488200,11:00am,22.0°C
20210207,488200,12:00pm,24.0°C
20210207,488200,01:00pm,25.0°C
20210207,488200,02:00pm,26.0°C
20210207,488200,03:00pm,26.0°C
20210207,488200,04:00pm,25.0°C
20210207,488200,05:00pm,25.0°C
20210207,488200,06:00pm,24.0°C
20210207,488200,07:00pm,24.0°C
20210207,488200,08:00pm,24.0°C
20210207,488200,09:00pm,24.0°C
20210207,488200,10:00pm,23.0°C
20210207,488200,11:00pm,22.0°C
20210207,488200,12:00am,22.0°C
20210207,488200,01:00am,22.0°C
20210207,488200,02:00am,21.0°C
20210207,488200,03:00am,21.0°C
20210207,488200,04:00am,21.0°C
20210207,488200,05:00am,20.0°C
20210207,488200,06:00am,21.0°C
20210208,488200,07:00am,20.0°C
20210208,488200,08:00am,20.0°C
20210208,488200,09:00am,21.0°C
20210208,488200,10:00am,22.0°C
20210208,488200,11:00am,22.0°C
20210208,488200,12:00pm,23.0°C
20210208,488200,01:00pm,24.0°C
20210208,488200,02:00pm,23.0°C
20210208,488200,03:00pm,23.0°C
20210208,488200,04:00pm,22.0°C
20210208,488200,05:00pm,21.0°C
20210208,488200,06:00pm,19.0°C
20210208,488200,07:00pm,18.0°C
20210208,488200,08:00pm,18.0°C
20210208,488200,09:00pm,18.0°C
20210208,488200,10:00pm,17.0°C
20210208,488200,11:00pm,17.0°C
20210208,488200,12:00am,17.0°C
20210208,488200,01:00am,16.0°C
20210208,488200,02:00am,16.0°C
20210208,488200,03:00am,16.0°C
20210208,488200,04:00am,16.0°C
20210208,488200,05:00am,15.0°C
20210208,488200,06:00am,15.0°C
20210209,488200,07:00am,15.0°C
20210209,488200,08:00am,15.0°C
20210209,488200,09:00am,16.0°C
20210209,488200,10:00am,16.0°C
20210209,488200,11:00am,16.0°C
20210209,488200,12:00pm,16.0°C
20210209,488200,01:00pm,16.0°C
20210209,488200,02:00pm,17.0°C
20210209,488200,03:00pm,16.0°C
20210209,488200,04:00pm,16.0°C
20210209,488200,05:00pm,16.0°C
20210209,488200,06:00pm,16.0°C
20210209,488200,07:00pm,16.0°C
20210209,488200,08:00pm,16.0°C
20210209,488200,09:00pm,16.0°C
20210209,488200,10:00pm,16.0°C
20210209,488200,11:00pm,16.0°C
20210209,488200,12:00am,15.0°C
20210209,488200,01:00am,15.0°C
20210209,488200,02:00am,15.0°C
20210209,488200,03:00am,14.0°C
20210209,488200,04:00am,15.0°C
20210209,488200,05:00am,14.0°C
20210209,488200,06:00am,14.0°C
20210210,488200,07:00am,14.0°C
20210210,488200,08:00am,15.0°C
20210210,488200,09:00am,16.0°C
20210210,488200,10:00am,17.0°C
20210210,488200,11:00am,19.0°C
20210210,488200,12:00pm,20.0°C
20210210,488200,01:00pm,21.0°C
20210210,488200,02:00pm,22.0°C
20210210,488200,03:00pm,23.0°C
20210210,488200,04:00pm,23.0°C
20210210,488200,05:00pm,23.0°C
20210210,488200,06:00pm,22.0°C
20210210,488200,07:00pm,21.0°C
20210210,488200,08:00pm,19.0°C
20210210,488200,09:00pm,18.0°C
20210210,488200,10:00pm,17.0°C
20210210,488200,11:00pm,17.0°C
20210210,488200,12:00am,17.0°C
20210210,488200,01:00am,17.0°C
20210210,488200,02:00am,17.0°C
20210210,488200,03:00am,16.0°C
20210210,488200,04:00am,15.0°C
20210210,488200,05:00am,16.0°C
20210210,488200,06:00am,15.0°C
20210211,488200,07:00am,15.0°C
20210211,488200,08:00am,17.0°C
20210211,488200,09:00am,19.0°C
20210211,488200,10:00am,20.0°C
20210211,488200,11:00am,22.0°C
20210211,488200,12:00pm,22.0°C
20210211,488200,01:00pm,23.0°C
20210211,488200,02:00pm,22.0°C
20210211,488200,03:00pm,23.0°C
20210211,488200,04:00pm,24.0°C
20210211,488200,05:00pm,23.0°C
20210211,488200,06:00pm,22.0°C
20210211,488200,07:00pm,21.0°C
20210211,488200,08:00pm,21.0°C
20210211,488200,09:00pm,21.0°C
20210211,488200,10:00pm,20.0°C
20210211,488200,11:00pm,19.0°C
20210211,488200,12:00am,18.0°C
20210211,488200,01:00am,18.0°C
20210211,488200,02:00am,18.0°C
20210211,488200,03:00am,18.0°C
20210211,488200,04:00am,18.0°C
20210211,488200,05:00am,18.0°C
20210211,488200,06:00am,17.0°C
20210212,488200,07:00am,18.0°C
20210212,488200,08:00am,18.0°C
20210212,488200,09:00am,19.0°C
20210212,488200,10:00am,20.0°C
20210212,488200,11:00am,20.0°C
20210212,488200,12:00pm,21.0°C
20210212,488200,01:00pm,22.0°C
20210212,488200,02:00pm,22.0°C
20210212,488200,03:00pm,22.0°C
20210212,488200,04:00pm,22.0°C
20210212,488200,05:00pm,22.0°C
20210212,488200,06:00pm,21.0°C
20210212,488200,07:00pm,20.0°C
20210212,488200,08:00pm,20.0°C
20210212,488200,09:00pm,18.0°C
20210212,488200,10:00pm,17.0°C
20210212,488200,11:00pm,17.0°C
20210212,488200,12:00am,16.0°C
20210212,488200,01:00am,16.0°C
20210212,488200,02:00am,16.0°C
20210212,488200,03:00am,16.0°C
20210212,488200,04:00am,16.0°C
20210212,488200,05:00am,16.0°C
20210212,488200,06:00am,15.0°C
20210213,488200,07:00am,15.0°C
20210213,488200,08:00am,17.0°C
20210213,488200,09:00am,19.0°C
20210213,488200,10:00am,20.0°C
20210213,488200,11:00am,21.0°C
20210213,488200,12:00pm,23.0°C
20210213,488200,01:00pm,23.0°C
20210213,488200,02:00pm,23.0°C
20210213,488200,03:00pm,23.0°C
20210213,488200,04:00pm,23.0°C
20210213,488200,05:00pm,23.0°C
20210213,488200,06:00pm,22.0°C
20210213,488200,07:00pm,22.0°C
20210213,488200,08:00pm,21.0°C
20210213,488200,09:00pm,21.0°C
20210213,488200,10:00pm,20.0°C
20210213,488200,11:00pm,20.0°C
20210213,488200,12:00am,20.0°C
20210213,488200,01:00am,19.0°C
20210213,488200,02:00am,20.0°C
20210213,488200,03:00am,20.0°C
20210213,488200,04:00am,19.0°C
20210213,488200,05:00am,19.0°C
20210213,488200,06:00am,19.0°C
20210214,488200,07:00am,19.0°C
20210214,488200,08:00am,20.0°C
20210214,488200,09:00am,21.0°C
20210214,488200,10:00am,23.0°C
20210214,488200,11:00am,23.0°C
20210214,488200,12:00pm,24.0°C
20210214,488200,01:00pm,25.0°C
20210214,488200,02:00pm,26.0°C
20210214,488200,03:00pm,26.0°C
20210214,488200,04:00pm,26.0°C
20210214,488200,05:00pm,25.0°C
20210214,488200,06:00pm,24.0°C
20210214,488200,07:00pm,23.0°C
20210214,488200,08:00pm,21.0°C
20210214,488200,09:00pm,22.0°C
20210214,488200,10:00pm,21.0°C
20210214,488200,11:00pm,20.0°C
20210214,488200,12:00am,19.0°C
20210214,488200,01:00am,19.0°C
20210214,488200,02:00am,18.0°C
20210214,488200,03:00am,18.0°C
20210214,488200,04:00am,17.0°C
20210214,488200,05:00am,18.0°C
20210214,488200,06:00am,17.0°C
20210215,488200,07:00am,18.0°C
20210215,488200,08:00am,18.0°C
20210215,488200,09:00am,19.0°C
20210215,488200,10:00am,19.0°C
20210215,488200,11:00am,21.0°C
20210215,488200,12:00pm,21.0°C
20210215,488200,01:00pm,22.0°C
20210215,488200,02:00pm,22.0°C
20210215,488200,03:00pm,22.0°C
20210215,488200,04:00pm,22.0°C
20210215,488200,05:00pm,22.0°C
20210215,488200,06:00pm,22.0°C
20210215,488200,07:00pm,21.0°C
20210215,488200,08:00pm,21.0°C
20210215,488200,09:00pm,21.0°C
20210215,488200,10:00pm,21.0°C
20210215,488200,11:00pm,21.0°C
20210215,488200,12:00am,21.0°C
20210215,488200,01:00am,20.0°C
20210215,488200,02:00am,20.0°C
20210215,488200,03:00am,20.0°C
20210215,488200,04:00am,20.0°C
20210215,488200,05:00am,20.0°C
20210215,488200,06:00am,20.0°C
20210216,488200,07:00am,19.0°C
20210216,488200,08:00am,19.0°C
20210216,488200,09:00am,19.0°C
20210216,488200,10:00am,20.0°C
20210216,488200,11:00am,20.0°C
20210216,488200,12:00pm,20.0°C
20210216,488200,01:00pm,21.0°C
20210216,488200,02:00pm,20.0°C
20210216,488200,03:00pm,20.0°C
20210216,488200,04:00pm,21.0°C
20210216,488200,05:00pm,21.0°C
20210216,488200,06:00pm,20.0°C
20210216,488200,07:00pm,20.0°C
20210216,488200,08:00pm,20.0°C
20210216,488200,09:00pm,21.0°C
20210216,488200,10:00pm,21.0°C
20210216,488200,11:00pm,21.0°C
20210216,488200,12:00am,20.0°C
20210216,488200,01:00am,20.0°C
20210216,488200,02:00am,20.0°C
20210216,488200,03:00am,20.0°C
20210216,488200,04:00am,20.0°C
20210216,488200,05:00am,20.0°C
20210216,488200,06:00am,20.0°C
20210217,488200,07:00am,20.0°C
20210217,488200,08:00am,20.0°C
20210217,488200,09:00am,20.0°C
20210217,488200,10:00am,20.0°C
20210217,488200,11:00am,20.0°C
20210217,488200,12:00pm,21.0°C
20210217,488200,01:00pm,21.0°C
20210217,488200,02:00pm,20.0°C
20210217,488200,03:00pm,21.0°C
20210217,488200,04:00pm,21.0°C
20210217,488200,05:00pm,20.0°C
20210217,488200,06:00pm,20.0°C
20210217,488200,07:00pm,19.0°C
20210217,488200,08:00pm,19.0°C
20210217,488200,09:00pm,19.0°C
20210217,488200,10:00pm,19.0°C
20210217,488200,11:00pm,19.0°C
20210217,488200,12:00am,19.0°C
20210217,488200,01:00am,18.0°C
20210217,488200,02:00am,18.0°C
20210217,488200,03:00am,18.0°C
20210217,488200,04:00am,18.0°C
20210217,488200,05:00am,18.0°C
20210217,488200,06:00am,18.0°C
20210218,488200,07:00am,18.0°C
20210218,488200,08:00am,19.0°C
20210218,488200,09:00am,20.0°C
20210218,488200,10:00am,20.0°C
20210218,488200,11:00am,22.0°C
20210218,488200,12:00pm,21.0°C
20210218,488200,01:00pm,22.0°C
20210218,488200,02:00pm,23.0°C
20210218,488200,03:00pm,22.0°C
20210218,488200,04:00pm,23.0°C
20210218,488200,05:00pm,22.0°C
20210218,488200,06:00pm,22.0°C
20210218,488200,07:00pm,21.0°C
20210218,488200,08:00pm,21.0°C
20210218,488200,09:00pm,21.0°C
20210218,488200,10:00pm,20.0°C
20210218,488200,11:00pm,21.0°C
20210218,488200,12:00am,20.0°C
20210218,488200,01:00am,20.0°C
20210218,488200,02:00am,19.0°C
20210218,488200,03:00am,19.0°C
20210218,488200,04:00am,19.0°C
20210218,488200,05:00am,19.0°C
20210218,488200,06:00am,19.0°C
20210219,488200,07:00am,19.0°C
20210219,488200,08:00am,20.0°C
20210219,488200,09:00am,21.0°C
20210219,488200,10:00am,21.0°C
20210219,488200,11:00am,22.0°C
20210219,488200,12:00pm,22.0°C
20210219,488200,01:00pm,23.0°C
20210219,488200,02:00pm,23.0°C
20210219,488200,03:00pm,23.0°C
20210219,488200,04:00pm,23.0°C
20210219,488200,05:00pm,23.0°C
20210219,488200,06:00pm,22.0°C
20210219,488200,07:00pm,20.0°C
20210219,488200,08:00pm,19.0°C
20210219,488200,09:00pm,19.0°C
20210219,488200,10:00pm,18.0°C
20210219,488200,11:00pm,18.0°C
20210219,488200,12:00am,17.0°C
20210219,488200,01:00am,17.0°C
20210219,488200,02:00am,17.0°C
20210219,488200,03:00am,16.0°C
20210219,488200,04:00am,16.0°C
20210219,488200,05:00am,16.0°C
20210219,488200,06:00am,16.0°C
20210220,488200,07:00am,16.0°C
20210220,488200,08:00am,18.0°C
20210220,488200,09:00am,20.0°C
20210220,488200,10:00am,21.0°C
20210220,488200,11:00am,22.0°C
20210220,488200,12:00pm,23.0°C
20210220,488200,01:00pm,24.0°C
20210220,488200,02:00pm,25.0°C
20210220,488200,03:00pm,25.0°C
20210220,488200,04:00pm,25.0°C
20210220,488200,05:00pm,25.0°C
20210220,488200,06:00pm,24.0°C
20210220,488200,07:00pm,24.0°C
20210220,488200,08:00pm,23.0°C
20210220,488200,09:00pm,22.0°C
20210220,488200,10:00pm,21.0°C
20210220,488200,11:00pm,21.0°C
20210220,488200,12:00am,20.0°C
20210220,488200,01:00am,18.0°C
20210220,488200,02:00am,18.0°C
20210220,488200,03:00am,17.0°C
20210220,488200,04:00am,17.0°C
20210220,488200,05:00am,17.0°C
20210220,488200,06:00am,17.0°C
20210221,488200,08:00am,19.0°C
20210221,488200,09:00am,20.0°C
20210221,488200,10:00am,22.0°C
20210221,488200,11:00am,23.0°C
20210221,488200,12:00pm,25.0°C
20210221,488200,01:00pm,25.0°C
20210221,488200,02:00pm,26.0°C
20210221,488200,03:00pm,27.0°C
20210221,488200,04:00pm,27.0°C
20210221,488200,05:00pm,26.0°C
20210221,488200,06:00pm,25.0°C
20210221,488200,07:00pm,23.0°C
20210221,488200,08:00pm,22.0°C
20210221,488200,09:00pm,21.0°C
20210221,488200,10:00pm,20.0°C
20210221,488200,11:00pm,20.0°C
20210221,488200,12:00am,20.0°C
20210221,488200,01:00am,20.0°C
20210221,488200,02:00am,20.0°C
20210221,488200,03:00am,20.0°C
20210221,488200,04:00am,20.0°C
20210221,488200,05:00am,20.0°C
20210221,488200,06:00am,20.0°C
20210222,488200,07:00am,20.0°C
20210222,488200,08:00am,20.0°C
20210222,488200,09:00am,21.0°C
20210222,488200,10:00am,21.0°C
20210222,488200,11:00am,22.0°C
20210222,488200,12:00pm,23.0°C
20210222,488200,01:00pm,24.0°C
20210222,488200,02:00pm,25.0°C
20210222,488200,03:00pm,24.0°C
20210222,488200,04:00pm,25.0°C
20210222,488200,05:00pm,24.0°C
20210222,488200,06:00pm,24.0°C
20210222,488200,07:00pm,23.0°C
20210222,488200,08:00pm,23.0°C
20210222,488200,09:00pm,23.0°C
20210222,488200,10:00pm,22.0°C
20210222,488200,11:00pm,22.0°C
20210222,488200,12:00am,21.0°C
20210222,488200,01:00am,21.0°C
20210222,488200,02:00am,21.0°C
20210222,488200,03:00am,21.0°C
20210222,488200,04:00am,20.0°C
20210222,488200,05:00am,20.0°C
20210222,488200,06:00am,20.0°C
20210223,488200,07:00am,20.0°C
20210223,488200,08:00am,20.0°C
20210223,488200,09:00am,21.0°C
20210223,488200,10:00am,22.0°C
20210223,488200,11:00am,23.0°C
20210223,488200,12:00pm,24.0°C
20210223,488200,01:00pm,25.0°C
20210223,488200,02:00pm,24.0°C
20210223,488200,03:00pm,24.0°C
20210223,488200,04:00pm,25.0°C
20210223,488200,05:00pm,25.0°C
20210223,488200,06:00pm,24.0°C
20210223,488200,07:00pm,23.0°C
20210223,488200,08:00pm,23.0°C
20210223,488200,09:00pm,23.0°C
20210223,488200,10:00pm,24.0°C
20210223,488200,11:00pm,23.0°C
20210223,488200,12:00am,22.0°C
20210223,488200,01:00am,22.0°C
20210223,488200,02:00am,22.0°C
20210223,488200,03:00am,21.0°C
20210223,488200,04:00am,21.0°C
20210223,488200,05:00am,21.0°C
20210223,488200,06:00am,21.0°C
20210224,488200,07:00am,21.0°C
20210224,488200,08:00am,21.0°C
20210224,488200,09:00am,21.0°C
20210224,488200,10:00am,22.0°C
20210224,488200,11:00am,23.0°C
20210224,488200,12:00pm,24.0°C
20210224,488200,01:00pm,24.0°C
20210224,488200,02:00pm,24.0°C
20210224,488200,03:00pm,25.0°C
20210224,488200,04:00pm,25.0°C
20210224,488200,05:00pm,25.0°C
20210224,488200,06:00pm,24.0°C
20210224,488200,07:00pm,23.0°C
20210224,488200,08:00pm,23.0°C
20210224,488200,09:00pm,22.0°C
20210224,488200,10:00pm,22.0°C
20210224,488200,11:00pm,22.0°C
20210224,488200,12:00am,22.0°C
20210224,488200,01:00am,22.0°C
20210224,488200,02:00am,21.0°C
20210224,488200,03:30am,21.0°C
20210224,488200,04:00am,21.0°C
20210224,488200,05:00am,21.0°C
20210224,488200,06:00am,21.0°C
20210225,488200,07:00am,21.0°C
20210225,488200,08:00am,21.0°C
20210225,488200,09:00am,22.0°C
20210225,488200,10:00am,23.0°C
20210225,488200,11:00am,24.0°C
20210225,488200,12:00pm,25.0°C
20210225,488200,01:00pm,25.0°C
20210225,488200,02:00pm,26.0°C
20210225,488200,03:00pm,26.0°C
20210225,488200,04:00pm,25.0°C
20210225,488200,05:00pm,25.0°C
20210225,488200,06:00pm,24.0°C
20210225,488200,07:00pm,24.0°C
20210225,488200,08:00pm,23.0°C
20210225,488200,09:00pm,23.0°C
20210225,488200,10:00pm,23.0°C
20210225,488200,11:00pm,22.0°C
20210225,488200,12:00am,22.0°C
20210225,488200,01:00am,22.0°C
20210225,488200,02:00am,22.0°C
20210225,488200,03:00am,22.0°C
20210225,488200,04:00am,22.0°C
20210225,488200,05:00am,22.0°C
20210225,488200,06:00am,22.0°C
20210226,488200,07:00am,22.0°C
20210226,488200,08:00am,22.0°C
20210226,488200,09:00am,23.0°C
20210226,488200,10:00am,24.0°C
20210226,488200,11:00am,24.0°C
20210226,488200,12:00pm,24.0°C
20210226,488200,01:00pm,26.0°C
20210226,488200,02:00pm,27.0°C
20210226,488200,03:00pm,27.0°C
20210226,488200,04:00pm,27.0°C
20210226,488200,05:00pm,27.0°C
20210226,488200,06:00pm,25.0°C
20210226,488200,07:00pm,25.0°C
20210226,488200,08:00pm,24.0°C
20210226,488200,09:00pm,24.0°C
20210226,488200,10:00pm,23.0°C
20210226,488200,11:00pm,23.0°C
20210226,488200,12:00am,23.0°C
20210226,488200,01:00am,23.0°C
20210226,488200,02:00am,23.0°C
20210226,488200,03:00am,21.0°C
20210226,488200,04:00am,21.0°C
20210226,488200,05:00am,19.0°C
20210226,488200,06:00am,19.0°C
20210227,488200,07:00am,19.0°C
20210227,488200,08:00am,19.0°C
20210227,488200,09:00am,19.0°C
20210227,488200,10:00am,19.0°C
20210227,488200,11:00am,19.0°C
20210227,488200,12:00pm,19.0°C
20210227,488200,01:30pm,19.0°C
20210227,488200,02:00pm,18.0°C
20210227,488200,03:00pm,18.0°C
20210227,488200,04:00pm,18.0°C
20210227,488200,05:00pm,17.0°C
20210227,488200,06:00pm,17.0°C
20210227,488200,07:00pm,18.0°C
20210227,488200,08:00pm,17.0°C
20210227,488200,09:30pm,17.0°C
20210227,488200,10:00pm,17.0°C
20210227,488200,11:00pm,16.0°C
20210227,488200,12:00am,16.0°C
20210227,488200,01:00am,16.0°C
20210227,488200,02:00am,16.0°C
20210227,488200,03:00am,16.0°C
20210227,488200,04:00am,16.0°C
20210227,488200,05:00am,16.0°C
20210227,488200,06:00am,16.0°C
20210228,488200,07:00am,16.0°C
20210228,488200,08:00am,16.0°C
20210228,488200,09:00am,17.0°C
20210228,488200,10:00am,17.0°C
20210228,488200,11:00am,17.0°C
20210228,488200,12:00pm,18.0°C
20210228,488200,01:00pm,18.0°C
20210228,488200,02:00pm,18.0°C
20210228,488200,03:00pm,18.0°C
20210228,488200,04:00pm,18.0°C
20210228,488200,05:00pm,18.0°C
20210228,488200,06:00pm,18.0°C
20210228,488200,07:00pm,18.0°C
20210228,488200,08:00pm,18.0°C
20210228,488200,09:00pm,18.0°C
20210228,488200,10:00pm,18.0°C
20210228,488200,11:00pm,18.0°C
20210228,488200,12:00am,18.0°C
20210228,488200,01:00am,19.0°C
20210228,488200,02:00am,19.0°C
20210228,488200,03:00am,19.0°C
20210228,488200,04:00am,19.0°C
20210228,488200,05:00am,19.0°C
20210228,488200,06:00am,19.0°C
20210301,488200,07:00am,20.0°C
20210301,488200,08:00am,19.0°C
20210301,488200,09:00am,20.0°C
20210301,488200,10:00am,20.0°C
20210301,488200,11:00am,20.0°C
20210301,488200,12:00pm,21.0°C
20210301,488200,01:00pm,22.0°C
20210301,488200,02:00pm,22.0°C
20210301,488200,03:00pm,23.0°C
20210301,488200,04:00pm,22.0°C
20210301,488200,05:00pm,22.0°C
20210301,488200,06:00pm,21.0°C
20210301,488200,07:00pm,21.0°C
20210301,488200,08:00pm,22.0°C
20210301,488200,09:00pm,22.0°C
20210301,488200,10:00pm,22.0°C
20210301,488200,11:00pm,22.0°C
20210301,488200,12:00am,21.0°C
20210301,488200,01:00am,19.0°C
20210301,488200,02:00am,19.0°C
20210301,488200,03:00am,19.0°C
20210301,488200,04:00am,19.0°C
20210301,488200,05:00am,19.0°C
20210301,488200,06:00am,19.0°C
20210302,488200,07:00am,18.0°C
20210302,488200,08:00am,19.0°C
20210302,488200,09:00am,20.0°C
20210302,488200,10:00am,21.0°C
20210302,488200,11:00am,21.0°C
20210302,488200,12:00pm,21.0°C
20210302,488200,01:00pm,20.0°C
20210302,488200,02:00pm,21.0°C
20210302,488200,03:00pm,21.0°C
20210302,488200,04:00pm,20.0°C
20210302,488200,05:00pm,20.0°C
20210302,488200,06:00pm,20.0°C
20210302,488200,07:00pm,20.0°C
20210302,488200,08:00pm,20.0°C
20210302,488200,09:00pm,20.0°C
20210302,488200,10:00pm,19.0°C
20210302,488200,11:00pm,19.0°C
20210302,488200,12:00am,19.0°C
20210302,488200,01:00am,19.0°C
20210302,488200,02:00am,19.0°C
20210302,488200,03:00am,19.0°C
20210302,488200,04:00am,18.0°C
20210302,488200,05:00am,19.0°C
20210302,488200,06:00am,19.0°C
20210303,488200,07:00am,18.0°C
20210303,488200,08:00am,18.0°C
20210303,488200,09:00am,19.0°C
20210303,488200,10:00am,19.0°C
20210303,488200,11:00am,19.0°C
20210303,488200,12:00pm,19.0°C
20210303,488200,01:00pm,19.0°C
20210303,488200,02:00pm,17.0°C
20210303,488200,03:00pm,17.0°C
20210303,488200,04:00pm,17.0°C
20210303,488200,05:00pm,17.0°C
20210303,488200,06:00pm,17.0°C
20210303,488200,07:00pm,16.0°C
20210303,488200,08:00pm,17.0°C
20210303,488200,09:00pm,17.0°C
20210303,488200,10:00pm,17.0°C
20210303,488200,11:00pm,17.0°C
20210303,488200,12:00am,16.0°C
20210303,488200,01:00am,16.0°C
20210303,488200,02:00am,16.0°C
20210303,488200,03:30am,16.0°C
20210303,488200,04:00am,16.0°C
20210303,488200,05:00am,16.0°C
20210303,488200,06:00am,16.0°C
20210304,488200,07:00am,16.0°C
20210304,488200,08:00am,17.0°C
20210304,488200,09:00am,17.0°C
20210304,488200,10:00am,17.0°C
20210304,488200,11:00am,17.0°C
20210304,488200,12:00pm,17.0°C
20210304,488200,01:00pm,18.0°C
20210304,488200,02:00pm,18.0°C
20210304,488200,03:00pm,18.0°C
20210304,488200,04:00pm,18.0°C
20210304,488200,05:00pm,18.0°C
20210304,488200,06:00pm,17.0°C
20210304,488200,07:00pm,17.0°C
20210304,488200,08:00pm,17.0°C
20210304,488200,09:00pm,17.0°C
20210304,488200,10:00pm,17.0°C
20210304,488200,11:00pm,17.0°C
20210304,488200,12:00am,17.0°C
20210304,488200,01:00am,17.0°C
20210304,488200,02:00am,17.0°C
20210304,488200,03:00am,17.0°C
20210304,488200,04:00am,18.0°C
20210304,488200,05:00am,18.0°C
20210304,488200,06:00am,18.0°C
20210305,488200,07:00am,18.0°C
20210305,488200,08:00am,18.0°C
20210305,488200,09:00am,19.0°C
20210305,488200,10:00am,19.0°C
20210305,488200,11:00am,20.0°C
20210305,488200,12:00pm,20.0°C
20210305,488200,01:00pm,20.0°C
20210305,488200,02:00pm,20.0°C
20210305,488200,03:00pm,20.0°C
20210305,488200,04:00pm,20.0°C
20210305,488200,05:00pm,20.0°C
20210305,488200,06:00pm,20.0°C
20210305,488200,07:00pm,20.0°C
20210305,488200,08:00pm,20.0°C
20210305,488200,09:00pm,20.0°C
20210305,488200,10:00pm,20.0°C
20210305,488200,11:00pm,20.0°C
20210305,488200,12:00am,20.0°C
20210305,488200,01:00am,20.0°C
20210305,488200,02:00am,20.0°C
20210305,488200,03:00am,20.0°C
20210305,488200,04:00am,20.0°C
20210305,488200,05:00am,20.0°C
20210305,488200,06:00am,20.0°C
20210306,488200,07:00am,20.0°C
20210306,488200,08:00am,20.0°C
20210306,488200,09:00am,21.0°C
20210306,488200,10:00am,23.0°C
20210306,488200,11:00am,24.0°C
20210306,488200,12:00pm,26.0°C
20210306,488200,01:00pm,27.0°C
20210306,488200,02:00pm,27.0°C
20210306,488200,03:00pm,27.0°C
20210306,488200,04:00pm,27.0°C
20210306,488200,05:00pm,26.0°C
20210306,488200,06:00pm,24.0°C
20210306,488200,07:00pm,24.0°C
20210306,488200,08:00pm,24.0°C
20210306,488200,09:00pm,24.0°C
20210306,488200,10:00pm,24.0°C
20210306,488200,11:00pm,23.0°C
20210306,488200,12:00am,23.0°C
20210306,488200,01:00am,23.0°C
20210306,488200,02:00am,22.0°C
20210306,488200,03:00am,22.0°C
20210306,488200,04:00am,22.0°C
20210306,488200,05:00am,22.0°C
20210306,488200,06:00am,22.0°C
20210307,488200,07:00am,22.0°C
20210307,488200,08:00am,22.0°C
20210307,488200,09:00am,22.0°C
20210307,488200,10:00am,23.0°C
20210307,488200,11:00am,23.0°C
20210307,488200,12:00pm,23.0°C
20210307,488200,01:00pm,25.0°C
20210307,488200,02:00pm,25.0°C
20210307,488200,03:00pm,25.0°C
20210307,488200,04:00pm,24.0°C
20210307,488200,05:00pm,24.0°C
20210307,488200,06:00pm,24.0°C
20210307,488200,07:00pm,23.0°C
20210307,488200,08:00pm,23.0°C
20210307,488200,09:00pm,23.0°C
20210307,488200,10:00pm,23.0°C
20210307,488200,11:00pm,22.0°C
20210307,488200,12:00am,22.0°C
20210307,488200,01:00am,21.0°C
20210307,488200,02:00am,20.0°C
20210307,488200,03:00am,20.0°C
20210307,488200,04:00am,20.0°C
20210307,488200,05:00am,20.0°C
20210307,488200,06:00am,20.0°C
20210308,488200,07:00am,20.0°C
20210308,488200,08:00am,20.0°C
20210308,488200,09:00am,20.0°C
20210308,488200,10:00am,21.0°C
20210308,488200,11:00am,22.0°C
20210308,488200,12:00pm,22.0°C
20210308,488200,01:00pm,22.0°C
20210308,488200,02:00pm,23.0°C
20210308,488200,03:00pm,24.0°C
20210308,488200,04:00pm,23.0°C
20210308,488200,05:00pm,23.0°C
20210308,488200,06:00pm,23.0°C
20210308,488200,07:00pm,23.0°C
20210308,488200,08:00pm,23.0°C
20210308,488200,09:00pm,23.0°C
20210308,488200,10:00pm,22.0°C
20210308,488200,11:00pm,22.0°C
20210308,488200,12:00am,22.0°C
20210308,488200,01:00am,22.0°C
20210308,488200,02:00am,22.0°C
20210308,488200,03:00am,22.0°C
20210308,488200,04:00am,22.0°C
20210308,488200,05:00am,22.0°C
20210308,488200,06:00am,22.0°C
20210309,488200,07:00am,22.0°C
20210309,488200,08:00am,22.0°C
20210309,488200,09:00am,22.0°C
20210309,488200,10:00am,23.0°C
20210309,488200,11:00am,24.0°C
20210309,488200,12:00pm,24.0°C
20210309,488200,01:00pm,25.0°C
20210309,488200,02:00pm,26.0°C
20210309,488200,03:00pm,25.0°C
20210309,488200,04:00pm,25.0°C
20210309,488200,05:00pm,25.0°C
20210309,488200,06:00pm,25.0°C
20210309,488200,07:00pm,24.0°C
20210309,488200,08:00pm,24.0°C
20210309,488200,09:00pm,24.0°C
20210309,488200,10:00pm,23.0°C
20210309,488200,11:00pm,23.0°C
20210309,488200,12:00am,22.0°C
20210309,488200,01:00am,22.0°C
20210309,488200,02:00am,22.0°C
20210309,488200,03:00am,22.0°C
20210309,488200,04:00am,22.0°C
20210309,488200,05:00am,22.0°C
20210309,488200,06:00am,22.0°C
20210310,488200,07:00am,22.0°C
20210310,488200,08:00am,22.0°C
20210310,488200,09:00am,23.0°C
20210310,488200,10:00am,23.0°C
20210310,488200,11:00am,25.0°C
20210310,488200,12:00pm,26.0°C
20210310,488200,01:00pm,27.0°C
20210310,488200,02:00pm,27.0°C
20210310,488200,03:00pm,27.0°C
20210310,488200,04:30pm,27.0°C
20210310,488200,05:00pm,27.0°C
20210310,488200,06:00pm,26.0°C
20210310,488200,07:00pm,25.0°C
20210310,488200,08:00pm,24.0°C
20210310,488200,09:00pm,24.0°C
20210310,488200,10:00pm,23.0°C
20210310,488200,11:00pm,23.0°C
20210310,488200,12:00am,23.0°C
20210310,488200,01:00am,23.0°C
20210310,488200,02:00am,22.0°C
20210310,488200,03:00am,22.0°C
20210310,488200,04:00am,22.0°C
20210310,488200,05:00am,22.0°C
20210310,488200,06:00am,22.0°C
20210311,488200,07:00am,22.0°C
20210311,488200,08:00am,23.0°C
20210311,488200,09:00am,23.0°C
20210311,488200,10:00am,24.0°C
20210311,488200,11:00am,25.0°C
20210311,488200,12:00pm,25.0°C
20210311,488200,01:00pm,25.0°C
20210311,488200,02:00pm,25.0°C
20210311,488200,03:00pm,25.0°C
20210311,488200,04:00pm,27.0°C
20210311,488200,05:00pm,26.0°C
20210311,488200,06:00pm,26.0°C
20210311,488200,07:00pm,25.0°C
20210311,488200,08:00pm,25.0°C
20210311,488200,09:00pm,24.0°C
20210311,488200,10:00pm,24.0°C
20210311,488200,11:00pm,23.0°C
20210311,488200,12:00am,23.0°C
20210311,488200,01:00am,23.0°C
20210311,488200,02:00am,22.0°C
20210311,488200,03:00am,22.0°C
20210311,488200,04:00am,22.0°C
20210311,488200,05:00am,22.0°C
20210311,488200,06:00am,22.0°C
20210312,488200,07:00am,22.0°C
20210312,488200,08:00am,23.0°C
20210312,488200,09:00am,23.0°C
20210312,488200,10:00am,25.0°C
20210312,488200,11:00am,25.0°C
20210312,488200,12:00pm,26.0°C
20210312,488200,01:00pm,27.0°C
20210312,488200,02:00pm,28.0°C
20210312,488200,03:00pm,28.0°C
20210312,488200,04:00pm,28.0°C
20210312,488200,05:00pm,27.0°C
20210312,488200,06:00pm,27.0°C
20210312,488200,07:00pm,26.0°C
20210312,488200,08:00pm,25.0°C
20210312,488200,09:00pm,24.0°C
20210312,488200,10:00pm,23.0°C
20210312,488200,11:00pm,23.0°C
20210312,488200,12:00am,22.0°C
20210312,488200,01:00am,22.0°C
20210312,488200,02:00am,22.0°C
20210312,488200,03:00am,22.0°C
20210312,488200,04:00am,22.0°C
20210312,488200,05:00am,22.0°C
20210312,488200,06:00am,22.0°C
20210313,488200,07:00am,23.0°C
20210313,488200,08:00am,23.0°C
20210313,488200,09:00am,23.0°C
20210313,488200,10:00am,24.0°C
20210313,488200,11:00am,25.0°C
20210313,488200,12:00pm,24.0°C
20210313,488200,01:00pm,24.0°C
20210313,488200,02:00pm,25.0°C
20210313,488200,03:00pm,25.0°C
20210313,488200,04:00pm,24.0°C
20210313,488200,05:00pm,24.0°C
20210313,488200,06:00pm,24.0°C
20210313,488200,07:00pm,24.0°C
20210313,488200,08:00pm,24.0°C
20210313,488200,09:00pm,23.0°C
20210313,488200,10:00pm,23.0°C
20210313,488200,11:00pm,22.0°C
20210313,488200,12:00am,22.0°C
20210313,488200,01:00am,21.0°C
20210313,488200,02:00am,21.0°C
20210313,488200,03:00am,20.0°C
20210313,488200,04:00am,20.0°C
20210313,488200,05:00am,20.0°C
20210313,488200,06:00am,19.0°C
20210314,488200,07:00am,20.0°C
20210314,488200,08:00am,22.0°C
20210314,488200,09:00am,24.0°C
20210314,488200,10:00am,24.0°C
20210314,488200,11:00am,25.0°C
20210314,488200,12:00pm,26.0°C
20210314,488200,01:00pm,25.0°C
20210314,488200,02:00pm,26.0°C
20210314,488200,03:00pm,27.0°C
20210314,488200,04:00pm,27.0°C
20210314,488200,05:00pm,26.0°C
20210314,488200,06:00pm,26.0°C
20210314,488200,07:00pm,25.0°C
20210314,488200,08:00pm,24.0°C
20210314,488200,09:00pm,23.0°C
20210314,488200,10:00pm,23.0°C
20210314,488200,11:00pm,22.0°C
20210314,488200,12:00am,22.0°C
20210314,488200,01:00am,21.0°C
20210314,488200,02:00am,22.0°C
20210314,488200,03:00am,22.0°C
20210314,488200,04:00am,21.0°C
20210314,488200,05:00am,21.0°C
20210314,488200,06:00am,21.0°C
20210315,488200,07:00am,22.0°C
20210315,488200,08:00am,22.0°C
20210315,488200,09:00am,24.0°C
20210315,488200,10:00am,25.0°C
20210315,488200,11:00am,25.0°C
20210315,488200,12:00pm,26.0°C
20210315,488200,01:00pm,26.0°C
20210315,488200,02:00pm,25.0°C
20210315,488200,03:00pm,25.0°C
20210315,488200,04:00pm,26.0°C
20210315,488200,05:00pm,26.0°C
20210315,488200,06:00pm,25.0°C
20210315,488200,07:00pm,25.0°C
20210315,488200,08:00pm,25.0°C
20210315,488200,09:00pm,24.0°C
20210315,488200,10:00pm,24.0°C
20210315,488200,11:00pm,24.0°C
20210315,488200,12:00am,24.0°C
20210315,488200,01:00am,23.0°C
20210315,488200,02:00am,23.0°C
20210315,488200,03:00am,23.0°C
20210315,488200,04:00am,23.0°C
20210315,488200,05:00am,23.0°C
20210315,488200,06:00am,23.0°C
20210316,488200,07:00am,22.0°C
20210316,488200,08:00am,22.0°C
20210316,488200,09:00am,22.0°C
20210316,488200,10:00am,23.0°C
20210316,488200,11:00am,23.0°C
20210316,488200,12:00pm,23.0°C
20210316,488200,01:00pm,24.0°C
20210316,488200,02:00pm,24.0°C
20210316,488200,03:00pm,24.0°C
20210316,488200,04:00pm,24.0°C
20210316,488200,05:00pm,23.0°C
20210316,488200,06:00pm,24.0°C
20210316,488200,07:00pm,24.0°C
20210316,488200,08:00pm,24.0°C
20210316,488200,09:00pm,24.0°C
20210316,488200,10:00pm,24.0°C
20210316,488200,11:00pm,24.0°C
20210316,488200,12:00am,24.0°C
20210316,488200,01:00am,23.0°C
20210316,488200,02:00am,23.0°C
20210316,488200,03:00am,23.0°C
20210316,488200,04:00am,23.0°C
20210316,488200,05:00am,23.0°C
20210316,488200,06:00am,23.0°C
20210317,488200,07:00am,23.0°C
20210317,488200,08:00am,23.0°C
20210317,488200,09:00am,24.0°C
20210317,488200,10:00am,24.0°C
20210317,488200,11:00am,25.0°C
20210317,488200,12:00pm,26.0°C
20210317,488200,01:00pm,26.0°C
20210317,488200,02:00pm,26.0°C
20210317,488200,03:00pm,26.0°C
20210317,488200,04:00pm,25.0°C
20210317,488200,05:00pm,25.0°C
20210317,488200,06:00pm,25.0°C
20210317,488200,07:00pm,24.0°C
20210317,488200,08:00pm,25.0°C
20210317,488200,09:00pm,25.0°C
20210317,488200,10:00pm,24.0°C
20210317,488200,11:00pm,24.0°C
20210317,488200,12:00am,24.0°C
20210317,488200,01:00am,24.0°C
20210317,488200,02:00am,23.0°C
20210317,488200,03:00am,23.0°C
20210317,488200,04:00am,23.0°C
20210317,488200,05:00am,23.0°C
20210317,488200,06:00am,23.0°C
20210318,488200,07:00am,23.0°C
20210318,488200,08:00am,23.0°C
20210318,488200,09:00am,23.0°C
20210318,488200,10:00am,24.0°C
20210318,488200,11:00am,25.0°C
20210318,488200,12:00pm,25.0°C
20210318,488200,01:00pm,25.0°C
20210318,488200,02:00pm,26.0°C
20210318,488200,03:00pm,26.0°C
20210318,488200,04:00pm,26.0°C
20210318,488200,05:00pm,26.0°C
20210318,488200,06:00pm,26.0°C
20210318,488200,07:00pm,25.0°C
20210318,488200,08:00pm,25.0°C
20210318,488200,09:00pm,24.0°C
20210318,488200,10:00pm,24.0°C
20210318,488200,11:00pm,24.0°C
20210318,488200,12:00am,23.0°C
20210318,488200,01:00am,23.0°C
20210318,488200,02:00am,23.0°C
20210318,488200,03:00am,23.0°C
20210318,488200,04:00am,23.0°C
20210318,488200,05:00am,23.0°C
20210318,488200,06:00am,23.0°C
20210319,488200,07:00am,24.0°C
20210319,488200,08:00am,24.0°C
20210319,488200,09:00am,24.0°C
20210319,488200,10:00am,26.0°C
20210319,488200,11:00am,27.0°C
20210319,488200,12:00pm,27.0°C
20210319,488200,01:00pm,27.0°C
20210319,488200,02:00pm,27.0°C
20210319,488200,03:00pm,27.0°C
20210319,488200,04:00pm,26.0°C
20210319,488200,05:00pm,26.0°C
20210319,488200,06:00pm,25.0°C
20210319,488200,07:00pm,25.0°C
20210319,488200,08:00pm,25.0°C
20210319,488200,09:00pm,25.0°C
20210319,488200,10:00pm,25.0°C
20210319,488200,11:00pm,24.0°C
20210319,488200,12:00am,24.0°C
20210319,488200,01:00am,24.0°C
20210319,488200,02:00am,24.0°C
20210319,488200,03:00am,23.0°C
20210319,488200,04:00am,23.0°C
20210319,488200,05:00am,23.0°C
20210319,488200,06:00am,23.0°C
20210320,488200,07:00am,24.0°C
20210320,488200,08:00am,24.0°C
20210320,488200,09:00am,25.0°C
20210320,488200,10:00am,25.0°C
20210320,488200,11:00am,25.0°C
20210320,488200,12:00pm,25.0°C
20210320,488200,01:00pm,25.0°C
20210320,488200,02:00pm,25.0°C
20210320,488200,03:00pm,26.0°C
20210320,488200,04:00pm,25.0°C
20210320,488200,05:00pm,24.0°C
20210320,488200,06:00pm,24.0°C
20210320,488200,07:00pm,24.0°C
20210320,488200,08:00pm,24.0°C
20210320,488200,09:00pm,24.0°C
20210320,488200,10:00pm,24.0°C
20210320,488200,11:00pm,24.0°C
20210320,488200,12:00am,24.0°C
20210320,488200,01:00am,24.0°C
20210320,488200,02:00am,24.0°C
20210320,488200,03:00am,24.0°C
20210320,488200,04:00am,24.0°C
20210320,488200,05:00am,23.0°C
20210320,488200,06:00am,24.0°C
20210321,488200,07:00am,23.0°C
20210321,488200,08:00am,23.0°C
20210321,488200,09:00am,20.0°C
20210321,488200,10:00am,20.0°C
20210321,488200,11:00am,20.0°C
20210321,488200,12:00pm,20.0°C
20210321,488200,01:00pm,20.0°C
20210321,488200,02:00pm,19.0°C
20210321,488200,03:00pm,19.0°C
20210321,488200,04:00pm,19.0°C
20210321,488200,05:00pm,19.0°C
20210321,488200,06:00pm,19.0°C
20210321,488200,07:00pm,19.0°C
20210321,488200,08:00pm,19.0°C
20210321,488200,09:00pm,19.0°C
20210321,488200,10:00pm,19.0°C
20210321,488200,11:00pm,18.0°C
20210321,488200,12:00am,18.0°C
20210321,488200,01:00am,18.0°C
20210321,488200,02:00am,17.0°C
20210321,488200,03:00am,18.0°C
20210321,488200,04:00am,17.0°C
20210321,488200,05:00am,17.0°C
20210321,488200,06:00am,17.0°C
20210322,488200,07:00am,17.0°C
20210322,488200,08:00am,17.0°C
20210322,488200,09:00am,18.0°C
20210322,488200,10:00am,19.0°C
20210322,488200,11:00am,19.0°C
20210322,488200,12:00pm,19.0°C
20210322,488200,01:00pm,20.0°C
20210322,488200,02:00pm,20.0°C
20210322,488200,03:00pm,20.0°C
20210322,488200,04:00pm,20.0°C
20210322,488200,05:00pm,19.0°C
20210322,488200,06:00pm,19.0°C
20210322,488200,07:00pm,18.0°C
20210322,488200,08:00pm,18.0°C
20210322,488200,09:00pm,18.0°C
20210322,488200,10:00pm,17.0°C
20210322,488200,11:00pm,18.0°C
20210322,488200,12:00am,17.0°C
20210322,488200,01:00am,17.0°C
20210322,488200,02:00am,17.0°C
20210322,488200,03:00am,17.0°C
20210322,488200,04:00am,17.0°C
20210322,488200,05:00am,17.0°C
20210322,488200,06:00am,17.0°C
20210323,488200,07:00am,17.0°C
20210323,488200,08:00am,18.0°C
20210323,488200,09:00am,19.0°C
20210323,488200,10:00am,20.0°C
20210323,488200,11:00am,19.0°C
20210323,488200,12:00pm,20.0°C
20210323,488200,01:00pm,22.0°C
20210323,488200,02:00pm,21.0°C
20210323,488200,03:00pm,22.0°C
20210323,488200,04:00pm,22.0°C
20210323,488200,05:00pm,22.0°C
20210323,488200,06:00pm,21.0°C
20210323,488200,07:00pm,20.0°C
20210323,488200,08:00pm,20.0°C
20210323,488200,09:00pm,20.0°C
20210323,488200,10:00pm,19.0°C
20210323,488200,11:00pm,18.0°C
20210323,488200,12:00am,18.0°C
20210323,488200,01:00am,19.0°C
20210323,488200,02:00am,18.0°C
20210323,488200,03:00am,18.0°C
20210323,488200,04:00am,18.0°C
20210323,488200,05:00am,18.0°C
20210323,488200,06:00am,18.0°C
20210324,488200,07:00am,18.0°C
20210324,488200,08:00am,18.0°C
20210324,488200,09:00am,19.0°C
20210324,488200,10:00am,20.0°C
20210324,488200,11:00am,21.0°C
20210324,488200,12:00pm,21.0°C
20210324,488200,01:00pm,21.0°C
20210324,488200,02:00pm,21.0°C
20210324,488200,03:00pm,21.0°C
20210324,488200,04:00pm,21.0°C
20210324,488200,05:00pm,21.0°C
20210324,488200,06:00pm,21.0°C
20210324,488200,07:00pm,21.0°C
20210324,488200,08:00pm,21.0°C
20210324,488200,09:00pm,21.0°C
20210324,488200,10:00pm,21.0°C
20210324,488200,11:00pm,21.0°C
20210324,488200,12:00am,21.0°C
20210324,488200,01:00am,20.0°C
20210324,488200,02:00am,20.0°C
20210324,488200,03:00am,20.0°C
20210324,488200,04:00am,19.0°C
20210324,488200,05:00am,20.0°C
20210324,488200,06:00am,19.0°C
20210325,488200,07:00am,19.0°C
20210325,488200,08:00am,19.0°C
20210325,488200,09:00am,19.0°C
20210325,488200,10:00am,19.0°C
20210325,488200,11:00am,19.0°C
20210325,488200,12:00pm,20.0°C
20210325,488200,01:00pm,20.0°C
20210325,488200,02:00pm,20.0°C
20210325,488200,03:00pm,20.0°C
20210325,488200,04:00pm,21.0°C
20210325,488200,05:00pm,21.0°C
20210325,488200,06:00pm,20.0°C
20210325,488200,07:00pm,20.0°C
20210325,488200,08:00pm,20.0°C
20210325,488200,09:00pm,20.0°C
20210325,488200,10:00pm,20.0°C
